# OpenNGC selected deep-sky subset (Messier, named, bright, or large objects)
# display_name catalog_id ra_hours dec_degrees magnitude type constellation major_axis_arcmin minor_axis_arcmin position_angle_deg redshift messier
IC 10	IC 10	0.33815	59.303778	10.35	G	Cas	6.76	6.03	129	-0.00116
IC 127	IC 127	1.496558	-6.980056	9.2	G	Cet	1.69	0.45	110	0.0062
IC 341	IC 341	3.682136	21.960194	12	Neb	Tau	134.9
IC 342	IC 342	3.780139	68.096361	9.68	G	Cam	19.77	18.79	0	0.000077
omi Per Cloud	IC 348	3.742831	32.162833	12	Cl+N	Per	10	10		0.000053
Barnard's Merope Nebula	IC 349	3.772253	23.939806	12	RfN	Tau	25.7			-0.000148
IC 353	IC 353	3.883631	25.848	12	Neb	Tau	181.97	30.2
IC 354	IC 354	3.899419	23.147	12	Neb	Tau	128.82
IC 356	IC 356	4.129697	69.812444	10.24	G	Cam	4.02	3.73	90	0.003446
IC 359A	IC 359A	4.311389	28.29	12	RfN	Tau	15	10
IC 360	IC 360	4.150714	26.131194	12	Neb	Tau	180	100
Flaming Star Nebula	IC 405	5.274856	34.356167	10	Neb	Aur	50	30
IC 410	IC 410	5.378333	33.366667	12	Neb	Aur	40	30
IC 418	IC 418	5.457831	-12.697278	9.44	PN	Lep	0.2			0.000207
Flame Nebula	IC 434	5.683578	-2.453778	11	HII	Ori	90	30		0.000036
Gem A	IC 443	6.277058	22.531667	12	SNR	Gem	50	40
IC 444	IC 444	6.309444	23.313333	7.03	RfN	Gem	8	4
IC 447	IC 447	6.516756	9.897444	7.7	HII	Mon	25	20
IC 448	IC 448	6.545928	7.388639	12	HII	Mon	15	10
IC 1274	IC 1274	18.164175	-23.648222	12	HII	Sgr	20	5
IC 1283	IC 1283	18.288014	-19.762222	12	HII	Sgr	15	15
IC 1284	IC 1284	18.294342	-19.672028	7.7	Neb	Sgr	16.98	15.14
IC 1287	IC 1287	18.523803	-10.795806	6.1	RfN	Sct	20	10
IC 1297	IC 1297	19.289833	-39.613056	10.7	PN	CrA	0.12			0.000063
IC 1310	IC 1310	20.166939	34.968889	12	Cl+N	Cyg	15	3
IC 1340	IC 1340	20.935625	31.047861	12	SNR	Cyg	25.12	19.95
IC 1442	IC 1442	22.267036	53.991333	9.1	OCl	Lac	4.2			-0.000084
IC 1459	IC 1459	22.952947	-36.462222	10.54	G	Gru	4.61	3.23	43	0.006007
IC 1613	IC 1613	1.079942	2.117778	9.54	G	Cet	18.32	17.14	50	-0.000777
IC 1805	IC 1805	2.544864	61.456889	6.5	Cl+N	Cas	60	60		-0.000135
IC 1831	IC 1831	2.732333	62.411639	12	Neb	Cas	120.23
IC 1848	IC 1848	2.852942	60.402472	6.5	Cl+N	Cas	40	10		-0.000102
IC 2105	IC 2105	4.824072	-69.200917	11.3	Cl+N	Dor	0.65	0.6	170
IC 2149	IC 2149	5.939969	46.104778	10.78	PN	Aur	0.14			-0.000112
IC 2157	IC 2157	6.079883	24.071028	8.4	OCl	Gem	2.7
IC 2165	IC 2165	6.361861	-12.987222	10.5	PN	CMa	0.15			0.000175
IC 2177	IC 2177	7.076919	-10.471056	12	RfN	Mon	20	20
Toby Jug Nebula	IC 2220	7.947486	-59.125778	12	RfN	Car	5
omi Vel Cluster	IC 2391	8.675522	-53.035472	2.5	OCl	Vel	29.1			0.000049
IC 2395	IC 2395	8.708364	-48.150556	4.6	OCl	Vel	6			0.000059
Browning	IC 2431 NED02	9.076311	14.595778	14.04	G	Cnc	0.6	0.48	32	0.049871
IC 2448	IC 2448	9.118406	-69.941833	10.4	PN	Car	0.15			-0.00008
IC 2488	IC 2488	9.460619	-57.006944	7.4	OCl	Vel	7.2			-0.000009
IC 2501	IC 2501	9.646439	-60.091861	10.4	PN	Car	0.03			0.000109
IC 2553	IC 2553	10.155797	-62.613694	10.3	PN	Car	0.15			0.000153
Coddington's Nebula	IC 2574	10.473189	68.412139	10.46	G	UMa	12.91	5.57	48	0.00016
IC 2581	IC 2581	10.458097	-57.617306	4.3	OCl	Car	6			-0.000015
IC 2599	IC 2599	10.624192	-58.733389	12	HII	Car	20	20
tet Car Cluster	IC 2602	10.715964	-64.394194	12	OCl	Car	48			0.000058
IC 2714	IC 2714	11.290931	-62.725111	8.2	OCl	Car	7.2			-0.000047
IC 2872	IC 2872	11.468897	-62.988944	12	Neb	Cen	15.14	6.03
lam Cen Nebula	IC 2944	11.596369	-63.019833	4.5	Cl+N	Cen	7.2			-0.000003
IC 3568	IC 3568	12.551883	82.563917	10.6	PN	Cam	0.38			-0.000133
IC 4191	IC 4191	13.146453	-67.64375	10.6	PN	Mus	0.08			-0.000023
IC 4291	IC 4291	13.615669	-62.093111	9.7	OCl	Cen	5.1			-0.000093
IC 4296	IC 4296	13.610842	-33.965833	10.51	G	Cen	4.62	2.43	42	0.012601
IC 4329	IC 4329	13.818142	-30.295861	10.97	G	Cen	4.74	2.65	67	0.01514
IC 4406	IC 4406	14.374022	-44.150194	10.2	PN	Lup	0.58			-0.000073
IC 4499	IC 4499	15.005347	-82.2135	8.56	GCl	Aps	5.1			0.000128
IC 4592	IC 4592	16.199631	-19.454667	3.9	RfN	Sco	60	40
IC 4593	IC 4593	16.195694	12.071389	10.7	PN	Her	0.66			0.000073
IC 4601	IC 4601	16.338278	-20.087306	12	Neb	Sco	20	10
IC 4603	IC 4603	16.423467	-24.468361	12	Neb	Oph	20	5
rho Oph Nebula	IC 4604	16.425325	-23.436583	5.1	Neb	Oph	60	25
IC 4605	IC 4605	16.503467	-25.115167	4.7	Neb	Sco	30	15
IC 4628	IC 4628	16.949564	-40.450972	12	Neb	Sco	89.13	58.88
IC 4634	IC 4634	17.025997	-21.825972	10.9	PN	Oph	0.14			-0.000115
IC 4651	IC 4651	17.41365	-49.93825	6.9	OCl	Ara	9.6			-0.000103
IC 4665	IC 4665	17.774217	5.648722	4.2	OCl	Oph	24.6			-0.000048
IC 4678	IC 4678	18.109297	-23.954444	10.4	Neb	Sgr
IC 4685	IC 4685	18.154861	-23.98725	12	Neb	Sgr	15	10
IC 4701	IC 4701	18.276594	-16.648278	12	Neb	Sgr	60	40
Eagle Nebula	IC 4703	18.315617	-13.845389	6	Neb	Se2	5.05	5.05	90	0.000033
Small Sgr Star Cloud	M 24 · IC 4715	18.282256	-18.514556	4.5	*Ass	Sgr	120	60	90		M 24
M 25	M 25 · IC 4725	18.529658	-19.114944	4.6	OCl	Sgr	14.1			0.00001	M 25
IC 4756	IC 4756	18.647642	5.462167	4.6	OCl	Se2	24			-0.000086
IC 4776	IC 4776	18.764083	-33.343056	10.8	PN	Sgr	0.12			0.000063
IC 4996	IC 4996	20.275908	37.555278	7.3	OCl	Cyg	6			0.000262
IC 4997	IC 4997	20.335778	16.731667	10.5	PN	Sge	0.03			-0.000215
IC 5068	IC 5068	20.8416	42.477694	12	HII	Cyg	40	30
Pelican Nebula	IC 5070	20.8502	44.4015	8	HII	Cyg	60	50
Cocoon Nebula	IC 5146	21.891322	47.266917	7.2	Cl+N	Cyg	10	10		-0.000018
IC 5148	IC 5148	21.993111	-39.385833	11	PN	Gru	2.3			-0.000087
IC 5152	IC 5152	22.044864	-51.296444	10.68	G	Ind	5.13	3.6	103	0.000407
IC 5267	IC 5267	22.953769	-43.396139	10.43	G	Gru	5.58	4.06	138	0.005701
IC 5332	IC 5332	23.574303	-36.101083	10.03	G	Scl	6.07	5.77	0	0.002341
Bow-Tie nebula	NGC 40	0.216953	72.521944	11.89	PN	Cep	0.8			-0.000068
NGC 45	NGC 45	0.234442	-23.182083	10.44	G	Cet	6.18	4.44	159	0.001553
NGC 55	NGC 55	0.248222	-39.196639	8.54	G	Scl	29.85	3.05	101	0.00043
NGC 103	NGC 103	0.421222	61.323472	9.8	OCl	Cas	2.7			-0.000261
47 Tuc Cluster	NGC 104	0.401489	-72.081444	4.09	GCl	Tuc	31.8			-0.000057
NGC 129	NGC 129	0.499497	60.211167	6.5	OCl	Cas	5.4			-0.000119
NGC 133	NGC 133	0.521378	63.352611	9.4	OCl	Cas	2.1
NGC 134	NGC 134	0.506103	-33.244028	10.31	G	Scl	8.38	1.79	50	0.005314
NGC 146	NGC 146	0.551094	63.309	9.1	OCl	Cas	3.6			0.00006
NGC 147	NGC 147	0.553367	48.50875	9.72	G	Cas	9.4	5.41	26	-0.000644
NGC 185	NGC 185	0.649436	48.337389	9.2	G	Cas	12.94	10.76	38	-0.00068
NGC 188	NGC 188	0.790981	85.269639	8.1	OCl	Cep	17.7			-0.000139
NGC 189	NGC 189	0.659917	61.094472	8.8	OCl	Cas	2.7			-0.000096
M 110	M 110 · NGC 205	0.6728	41.685306	8.15	G	And	16.22	9.59	170	-0.00082	M 110
M 32	M 32 · NGC 221	0.711619	40.865278	8.13	G	And	7.74	4.86	170	-0.000664	M 32
Andromeda Galaxy	M 31 · NGC 224	0.712319	41.269056	3.44	G	And	177.83	69.66	35	-0.001	M 31
NGC 225	NGC 225	0.726772	61.766944	7	OCl	Cas	4.2			-0.000093
NGC 246	NGC 246	0.784267	-11.871944	10.9	PN	Cet	4.08			-0.000052
NGC 247	NGC 247	0.785708	-20.760389	9.21	G	Cet	19.68	5.55	167	0.000531
Sculptor Filament	NGC 253	0.792533	-25.288222	11.11	G	Scl	26.79	4.58	53	0.000864
NGC 278	NGC 278	0.867864	47.5505	10.85	G	Cas	2.36	2.3	30	0.002141
NGC 281	NGC 281	0.883153	56.621889	12	HII	Cas	35	30		-0.000112
NGC 288	NGC 288	0.879847	-26.589889	8.13	GCl	Scl	9.6			-0.00015
Small Magellanic Cloud	NGC 292	0.879106	-72.828611	2.3	G	Tuc	299.92	179.89	45	0.000486
NGC 300	NGC 300	0.914856	-37.684389	8.66	G	Scl	19.41	13.06	114	0.000487
NGC 330	NGC 330	0.938236	-72.462944	9.55	OCl	Tuc	2.8	2.5	120
NGC 362	NGC 362	1.053953	-70.848222	6.58	GCl	Tuc	8.7			0.000745
NGC 376	NGC 376	1.064847	-72.823667	10.9	OCl	Tuc	1.8	1.8
NGC 381	NGC 381	1.138336	61.583278	9.3	OCl	Cas	6			-0.000075
NGC 404	NGC 404	1.157506	35.718139	10.55	G	And	3.4	3.37	90	-0.000107
NGC 419	NGC 419	1.138103	-72.8835	10.5	GCl	Tuc	2.8	2.8
NGC 436	NGC 436	1.26605	58.817111	8.8	OCl	Cas	5.7			-0.000248
Owl Cluster	NGC 457	1.325736	58.290694	6.4	OCl	Cas	7.8			-0.000039
NGC 488	NGC 488	1.363014	5.256722	10.26	G	Psc	5.05	3.66	13	0.007579
NGC 524	NGC 524	1.413256	9.538833	10.35	G	Psc	3.37	3.35	55	0.008106
NGC 559	NGC 559	1.492547	63.301444	9.5	OCl	Cas	9			-0.000258
M 103	M 103 · NGC 581	1.556058	60.658	7.4	OCl	Cas	4.5			-0.000152	M 103
NGC 584	NGC 584	1.522431	-6.868056	10.35	G	Cet	3.78	2.51	104	0.006134
NGC 596	NGC 596	1.5478	-7.031833	10.95	G	Cet	2.14	1.58	36	0.006211
Triangulum Galaxy	M 33 · NGC 598	1.564136	30.660222	5.79	G	Tri	62.09	36.73	23	-0.000598	M 33
NGC 609	NGC 609	1.606594	64.536583	11	OCl	Cas	4.8			-0.00015
NGC 613	NGC 613	1.571714	-29.418361	10.35	G	Scl	5.48	4.51	125	0.004951
M 74	M 74 · NGC 628	1.611597	15.783667	9.31	G	Psc	9.89	9.33	87	0.002188	M 74
NGC 637	NGC 637	1.717531	64.036556	8.2	OCl	Cas	4.5			-0.000153
Barbell Nebula	M 76 · NGC 650	1.705469	51.575472	10.1	PN	Per	1.12			-0.000079	M 76
NGC 654	NGC 654	1.733175	61.882722	6.5	OCl	Cas	6.3			-0.000129
NGC 659	NGC 659	1.739719	60.669167	7.9	OCl	Cas	4.2
NGC 663	NGC 663	1.771125	61.218194	7.1	OCl	Cas	6			-0.000108
NGC 672	NGC 672	1.798478	27.432778	10.92	G	Tri	7.01	2.71	69	0.001454
NGC 676	NGC 676	1.815919	5.907528	12	G	Psc	2.75	0.69	173	0.004983
NGC 720	NGC 720	1.883472	-13.738667	10.14	G	Cet	4.49	2.37	142	0.0054
NGC 744	NGC 744	1.974978	55.474611	7.9	OCl	Per	11.7			-0.000085
NGC 752	NGC 752	1.959672	37.833389	5.7	OCl	And	39			0.000016
NGC 772	NGC 772	1.988772	19.007528	10.3	G	Ari	4.57	2.52	131	0.00832
NGC 821	NGC 821	2.139206	10.994917	10.77	G	Ari	2.45	2.1	26	0.005814
h Persei Cluster	NGC 869	2.316267	57.11725	3.7	OCl	Per	14.4			-0.00013
chi Persei Cluster	NGC 884	2.375583	57.144111	3.8	OCl	Per	10.5			-0.000149
NGC 891	NGC 891	2.375947	42.349139	10.01	G	And	13.03	3.03	22	0.001763
NGC 908	NGC 908	2.384603	-21.233861	10.31	G	Cet	6.14	2.82	77	0.004996
NGC 925	NGC 925	2.454689	33.579167	10.12	G	Tri	10.72	5.75	107	0.001846
NGC 936	NGC 936	2.460406	-1.156278	10.23	G	Cet	4.44	3.18	133	0.004096
NGC 956	NGC 956	2.541917	44.593472	8.9	OCl	And	4.5
NGC 957	NGC 957	2.555286	57.569694	7.6	OCl	Per	10.2			-0.000143
NGC 986	NGC 986	2.559542	-39.045056	10.91	G	For	3.77	3.03	52	0.006606
NGC 988	NGC 988	2.591042	-9.356194	11.21	G	Cet	4.33	1.73	119	0.005075
NGC 1023	NGC 1023	2.673336	39.063278	9.47	G	Per	7.4	3.06	87	0.002127
NGC 1027	NGC 1027	2.709739	61.594361	6.7	OCl	Cas	7.8			0.00005
M 34	M 34 · NGC 1039	2.702056	42.746139	5.2	OCl	Per	22.5			-0.000033	M 34
Fornax Dwarf Cluster 3	NGC 1049	2.663372	-34.25825	13.59	GCl	For	1.2	1.2		0.000133
NGC 1055	NGC 1055	2.695897	0.443167	10.6	G	Cet	6.92	3.53	104	0.003319
M 77	M 77 · NGC 1068	2.711308	-0.013278	9.29	G	Cet	6.11	5.61	12	0.00381	M 77
NGC 1084	NGC 1084	2.766642	-7.578472	10.6	G	Eri	3.4	2.25	36	0.004682
NGC 1097	NGC 1097	2.771958	-30.274889	9.76	G	For	10.57	6.44	138	0.004218
NGC 1187	NGC 1187	3.043775	-22.867167	10.92	G	Eri	4.14	3.02	129	0.004668
NGC 1201	NGC 1201	3.068883	-26.069639	10.81	G	For	3.41	1.96	8	0.005671
NGC 1232	NGC 1232	3.162642	-20.579306	10.11	G	Eri	6.79	5.77	101	0.005611
NGC 1245	NGC 1245	3.24485	47.238694	8.4	OCl	Per	11.4			-0.000098
NGC 1261	NGC 1261	3.204261	-55.216806	8.63	GCl	Hor	5.1			0.000238
NGC 1269	NGC 1269	3.288497	-41.108056	8.7	G	Eri	11.17	9.93	156	0.002796
Perseus A	NGC 1275	3.330044	41.511694	12.24	G	Per	2.16	1.45	110	0.01756
NGC 1300	NGC 1300	3.328078	-19.411361	10.52	G	Eri	5.96	3.06	101	0.005252
NGC 1302	NGC 1302	3.330883	-26.060444	10.63	G	For	4.27	3.9	170	0.005699
NGC 1313	NGC 1313	3.304458	-66.49825	9.49	G	Ret	11.07	9.14	27	0.001568
Fornax A	NGC 1316	3.378256	-37.208222	8.48	G	For	13.46	7.71	50	0.005911
Fornax B	NGC 1317	3.378969	-37.103694	10.88	G	For	3.1	2.58	69	0.006438
NGC 1326	NGC 1326	3.399	-36.464667	10.45	G	For	4.28	2.93	67	0.004584
NGC 1332	NGC 1332	3.438125	-21.335222	10.36	G	Eri	5.31	3.84	121	0.00518
NGC 1333	NGC 1333	3.482	31.37	10.9	Cl+N	Per	19.5			0.000053
NGC 1340	NGC 1340	3.472131	-31.068167	10.37	G	For	5.12	3.12	167	0.003949
NGC 1342	NGC 1342	3.527811	37.379389	6.7	OCl	Per	6.3			-0.000036
NGC 1350	NGC 1350	3.518922	-33.628639	10.31	G	For	5.18	2.6	11	0.006368
NGC 1360	NGC 1360	3.554069	-25.871722	9.4	PN	For	6.42			0.00036
NGC 1365	NGC 1365	3.560103	-36.140389	10.1	G	For	12.02	6.14	20	0.005476
NGC 1367	NGC 1367	3.583706	-24.933222	10.66	G	For	4.88	3.26	134
NGC 1380	NGC 1380	3.607664	-34.976222	9.94	G	For	4.58	2.22	6
NGC 1387	NGC 1387	3.61585	-35.506639	10.75	G	For	3.01	2.89	110	0.004229
NGC 1395	NGC 1395	3.641597	-23.027528	9.65	G	Eri	4.71	3.97	105	0.005634
NGC 1398	NGC 1398	3.647814	-26.337833	9.55	G	For	6.95	4.91	100	0.004639
NGC 1399	NGC 1399	3.641397	-35.450667	9.4	G	For	8.51	7.69	150	0.004755
NGC 1404	NGC 1404	3.647756	-35.594389	9.93	G	Eri	5.01	4.38	163	0.006498
NGC 1407	NGC 1407	3.669961	-18.580111	9.65	G	Eri	5.73	5.27	60	0.005952
NGC 1425	NGC 1425	3.703186	-29.893333	10.7	G	For	4.91	2.15	130
NGC 1427	NGC 1427	3.705394	-35.392556	10.88	G	For	4.33	2.87	78	0.004673
Maia Nebula	NGC 1432	3.763775	24.367861	12	HII	Tau	60	40
NGC 1433	NGC 1433	3.700431	-47.222083	9.95	G	Hor	6.19	2.96	95	0.00359
Merope Nebula	NGC 1435	3.769469	23.764972	12	Neb	Tau	30	30
NGC 1444	NGC 1444	3.824689	52.655333	6.6	OCl	Per	3.6			-0.000123
NGC 1448	NGC 1448	3.7422	-44.644833	10.94	G	Hor	8.02	1.53	41	0.003895
NGC 1496	NGC 1496	4.075525	52.661389	9.6	OCl	Per	2.1			-0.000048
California Nebula	NGC 1499	4.054006	36.367472	5	Neb	Per	160	40
NGC 1502	NGC 1502	4.130361	62.331528	6.9	OCl	Cam	10.2			-0.000054
NGC 1512	NGC 1512	4.065078	-43.348861	10.37	G	Hor	8.43	4.02	63	0.002782
NGC 1513	NGC 1513	4.165194	49.517278	8.4	OCl	Per	5.1			-0.000049
NGC 1514	NGC 1514	4.154708	30.775917	10.19	PN	Tau	2.2			0.000199
NGC 1515	NGC 1515	4.067422	-54.100056	10.99	G	Dor	5.5	1.26	20	0.003922
NGC 1527	NGC 1527	4.140039	-47.897028	10.8	G	Hor	4.58	1.79	78	0.003633
NGC 1528	NGC 1528	4.255242	51.211472	6.4	OCl	Per	9.6			-0.000034
NGC 1532	NGC 1532	4.201203	-32.874222	10.13	G	Eri	11.27	3.09	33	0.003908
NGC 1533	NGC 1533	4.1644	-56.118444	10.65	G	Dor	3.27	2.04	149	0.002647
NGC 1535	NGC 1535	4.237714	-12.739389	9.6	PN	Eri	0.85			-0.000005
NGC 1537	NGC 1537	4.227975	-31.645417	10.72	G	Eri	4.35	2.76	102	0.00454
NGC 1543	NGC 1543	4.212014	-57.737972	10.17	G	Ret	3.66	0.86	94	0.003915
NGC 1545	NGC 1545	4.348961	50.255333	6.2	OCl	Per	4.2			-0.000044
NGC 1549	NGC 1549	4.262536	-55.59225	9.75	G	Dor	5.09	4.35	138	0.004093
NGC 1553	NGC 1553	4.269575	-55.780139	9.31	G	Dor	6.25	4.29	150	0.004026
Hind's Nebula	NGC 1555	4.366508	19.535167	9.98	RfN	Tau	1.82	1.35	74
NGC 1559	NGC 1559	4.293269	-62.783667	10.6	G	Ret	4.19	2.18	63	0.004336
NGC 1566	NGC 1566	4.33345	-54.937806	9.73	G	Dor	7.23	5	45	0.005036
NGC 1574	NGC 1574	4.366339	-56.97475	10.24	G	Ret	4.13	2.32	2
NGC 1582	NGC 1582	4.529664	43.784833	7	OCl	Per	7.8			0.000018
NGC 1600	NGC 1600	4.527761	-5.08625	10.97	G	Eri	3.33	2.02	5	0.015824
NGC 1605	NGC 1605	4.581189	45.271389	10.7	OCl	Per	3.3			-0.000004
NGC 1617	NGC 1617	4.527647	-54.602278	10.37	G	Dor	5.24	2.5	112	0.003552
NGC 1637	NGC 1637	4.691161	-2.857972	10.85	G	Eri	3.18	2.74	16	0.00238
NGC 1647	NGC 1647	4.765436	19.095111	6.4	OCl	Tau	27			-0.000008
NGC 1662	NGC 1662	4.808042	10.930389	6.4	OCl	Ori	13.8			-0.000046
NGC 1664	NGC 1664	4.851508	43.676167	7.6	OCl	Aur	11.4			0.000022
NGC 1672	NGC 1672	4.761806	-59.247194	10.16	G	Dor	6.14	5.46	95	0.004464
NGC 1735	NGC 1735	4.905461	-67.099556	10.76	OCl	Dor	1.8	1.5	140
NGC 1746	NGC 1746	5.063942	23.767639	6.1	OCl	Tau	18			0.000007
NGC 1747	NGC 1747	4.919717	-67.168889	9.37	OCl	Dor	4.4	4.4
NGC 1755	NGC 1755	4.920797	-68.204056	9.85	GCl	Dor	2.2	1.9	130
NGC 1761	NGC 1761	4.943814	-66.478861	9.94	*Ass	Dor	4.2	3	110
NGC 1763	NGC 1763	4.946997	-66.409083	9.4	Cl+N	Dor	5.2	3.6	70
NGC 1767	NGC 1767	4.940917	-69.400556	10.61	OCl	Dor	1.3	1.2	30
NGC 1772	NGC 1772	4.947997	-69.556056	10.97	OCl	Dor	1.5	1.4	30
NGC 1774	NGC 1774	4.968578	-67.242333	10.76	OCl	Dor	1.7	1.5	60
NGC 1778	NGC 1778	5.134917	37.022833	7.7	OCl	Aur	4.5			0.000025
NGC 1782	NGC 1782	4.964192	-69.392194	10.5	OCl	Dor	1.2	1.1	110
NGC 1783	NGC 1783	4.985781	-65.987278	10.93	GCl	Dor	5.3	4.7	60
NGC 1786	NGC 1786	4.985506	-67.745222	10.1	GCl	Dor	2	2
NGC 1787	NGC 1787	5.029003	-65.823306	10.92	OCl	Dor	24	14	140
NGC 1788	NGC 1788	5.114783	-3.340972	5.8	RfN	Ori	2	2
NGC 1792	NGC 1792	5.087347	-37.98075	10.16	G	Col	5.52	2.76	136	0.004059
NGC 1807	NGC 1807	5.179175	16.51275	7	OCl	Tau	5.4
NGC 1808	NGC 1808	5.128428	-37.513056	10.21	G	Col	5.42	1.83	135	0.003343
NGC 1817	NGC 1817	5.207297	16.684083	7.7	OCl	Tau	9.3			0.000221
NGC 1818	NGC 1818	5.070767	-66.4345	9.7	GCl	Dor	3.1	2.7	130
NGC 1835	NGC 1835	5.085161	-69.403861	10.6	GCl	Dor	2.3	2	80
NGC 1845	NGC 1845	5.095836	-70.581611	10.2	*Ass	Men	8.9	5.6	30
NGC 1848	NGC 1848	5.124211	-71.195361	9.73	OCl	Men	2.2	2	140
NGC 1850	NGC 1850	5.145758	-68.761667	8.96	GCl	Dor	3	3
NGC 1851	NGC 1851	5.235203	-40.046611	7.23	GCl	Col	9			0.001069
NGC 1854	NGC 1854	5.155525	-68.847361	10.39	GCl	Dor	2.3	2.3
NGC 1856	NGC 1856	5.158158	-69.127583	10.06	GCl	Dor	2.7	2.4	90
NGC 1857	NGC 1857	5.334878	39.343611	7	OCl	Aur	4.5			0.000002
NGC 1858	NGC 1858	5.164428	-68.89125	9.88	Cl+N	Dor	4.4	2.6	170
NGC 1866	NGC 1866	5.227528	-65.465583	9.73	GCl	Dor	5.5	5.5
NGC 1871	NGC 1871	5.231044	-67.452639	10.09	Cl+N	Dor	2.3	1.6	60
NGC 1873	NGC 1873	5.232131	-67.334361	10.44	Cl+N	Dor	2.8	2.2	120
NGC 1893	NGC 1893	5.378928	33.412028	7.5	OCl	Aur	6			-0.000012
M 79	M 79 · NGC 1904	5.402942	-24.524222	8.16	GCl	Lep	7.2			0.000687	M 79
NGC 1907	NGC 1907	5.467931	35.325667	8.2	OCl	Aur	5.4			0.000009
the Witch Head Nebula	NGC 1909	5.082067	-7.265639	12	RfN	Eri	180	60
NGC 1910	NGC 1910	5.311964	-69.231917	9.65	Cl+N	Dor	3.6	2.8	120
M 38	M 38 · NGC 1912	5.478469	35.854917	6.4	OCl	Aur	9.6			-0.000002	M 38
NGC 1916	NGC 1916	5.310131	-69.406806	10.38	GCl	Dor	2.1	2.1
NGC 1931	NGC 1931	5.523708	34.246556	10.1	Cl+N	Aur	4.8
NGC 1933	NGC 1933	5.374256	-66.152167	13.8	OCl	Dor	1.3	1.3
NGC 1934	NGC 1934	5.363303	-67.937167	10.5	Cl+N	Dor	1.9	1.3	150
NGC 1947	NGC 1947	5.446558	-63.760028	10.47	G	Dor	3.48	3.18	89	0.003803
NGC 1948	NGC 1948	5.429511	-66.266806	10.61	Cl+N	Dor	7	5.7	30
NGC 1951	NGC 1951	5.435228	-66.59725	10.58	OCl	Dor	1.7	1.5	20
Crab Nebula	M 1 · NGC 1952	5.575547	22.014472	8.4	SNR	Tau	8	4			M 1
NGC 1955	NGC 1955	5.4361	-67.497389	8.87	HII	Dor	4	3.6	20
M 36	M 36 · NGC 1960	5.604928	34.14075	6	OCl	Aur	7.2			-0.000004	M 36
NGC 1964	NGC 1964	5.556044	-21.945778	10.91	G	Lep	5.16	2.33	31	0.005538
NGC 1967	NGC 1967	5.445364	-69.101528	10.81	OCl	Dor	0.95	0.9	100
NGC 1968	NGC 1968	5.456142	-67.463833	8.22	*Ass	Dor	5	2.7	70
NGC 1970	NGC 1970	5.447964	-68.836667	10.28	OCl	Dor	1.5	1.5
NGC 1973	NGC 1973	5.584661	-4.731778	7	Neb	Ori	5	5
NGC 1974	NGC 1974	5.466394	-67.424139	10.3	OCl	Dor	1.6	1.6
NGC 1975	NGC 1975	5.5883	-4.685222	7	Neb	Ori	10	5
Great Orion Nebula	M 42 · NGC 1976	5.587911	-5.389667	4	Cl+N	Ori	90	60		0.000093	M 42
the Running Man Nebula	NGC 1977	5.587722	-4.844333	12	Cl+N	Ori	10.2
NGC 1978	NGC 1978	5.479203	-66.235917	10.7	GCl	Dor	4	2.7	160
Lower Sword	NGC 1980	5.590553	-5.909889	2.5	Cl+N	Ori	9.3			0.000077
Upper Sword	NGC 1981	5.585997	-4.425056	4.2	Cl+N	Ori	9			0.000093
Mairan's Nebula	M 43 · NGC 1982	5.59205	-5.267472	9	HII	Ori	20	15			M 43
NGC 1984	NGC 1984	5.461364	-69.134333	9.99	OCl	Dor	1.5	1.2	60
NGC 1999	NGC 1999	5.607042	-6.715861	9.5	RfN	Ori	2	2
NGC 2002	NGC 2002	5.50575	-66.885	10.84	GCl	Dor	1.9	1.7	20	0.001031
NGC 2004	NGC 2004	5.511875	-67.286444	9.6	GCl	Dor	3	2.8	90
NGC 2006	NGC 2006	5.5225	-66.965278	10.88	*Ass	Dor	1.6	1.4	140
NGC 2011	NGC 2011	5.538947	-67.523139	10.58	OCl	Dor	1	1
NGC 2014	NGC 2014	5.538853	-67.689833	8.97	Neb	Dor	5.1	3.5	60
NGC 2015	NGC 2015	5.535136	-69.243028	10.43	*Ass	Dor	4.7	4	110
NGC 2018	NGC 2018	5.523581	-71.069056	10.89	HII	Men	2.8	1.7	170
NGC 2019	NGC 2019	5.532406	-70.159583	10.86	GCl	Men	1.5	1.5		0.000936
NGC 2024	NGC 2024	5.695158	-1.856278	12	Neb	Ori	30	30		0.000029
NGC 2025	NGC 2025	5.542678	-71.7155	10.94	OCl	Men	1.9	1.9
NGC 2027	NGC 2027	5.583253	-66.916306	10.97	OCl	Dor	4.6	2.8	100
NGC 2031	NGC 2031	5.561617	-70.986778	10.83	GCl	Men	3.3	2.8	150
NGC 2035	NGC 2035	5.592	-67.584167	10.99	Neb	Dor	1.8	1.3	20
NGC 2037	NGC 2037	5.583508	-69.731583	10.31	OCl	Dor	2.9	1.3	170
NGC 2041	NGC 2041	5.607792	-66.989778	10.36	GCl	Dor	2.6	2.6
NGC 2042	NGC 2042	5.602661	-68.923444	9.58	OCl	Dor	4.5	4.5
NGC 2044	NGC 2044	5.601717	-69.198667	10.59	*Ass	Dor	5.5	4.5	100
NGC 2050	NGC 2050	5.610783	-69.383528	9.25	*Ass	Dor	3	2.4	70
NGC 2052	NGC 2052	5.619736	-69.774194	12	Neb	Dor	18	12
NGC 2055	NGC 2055	5.612425	-69.498639	8.39	*Ass	Dor	1.9	1.3	120
NGC 2060	NGC 2060	5.629694	-69.171667	9.59	SNR	Dor	2.2	2	160
M 78	M 78 · NGC 2068	5.779394	0.079306	8	RfN	Ori	4.5			0.000211	M 78
NGC 2069	NGC 2069	5.646233	-68.974389	10.1	Neb	Dor	5	2.2	30
30 Dor Cluster	NGC 2070	5.6451	-69.100889	7.25	HII	Dor	16	16		0.000838
NGC 2071	NGC 2071	5.78535	0.29425	8	Cl+N	Ori	7	5		0.000213
NGC 2074	NGC 2074	5.650994	-69.498111	8.5	Cl+N	Dor	4	3.4	50
NGC 2078	NGC 2078	5.660958	-69.743167	10.89	EmN	Dor	1.2	1.1	0
NGC 2080	NGC 2080	5.662728	-69.644111	10.42	HII	Dor	1.7	1.5	130
NGC 2083	NGC 2083	5.66645	-69.737583	10.83	Neb	Dor	2	1.8	70
NGC 2090	NGC 2090	5.783858	-34.250611	10.92	G	Col	4.47	1.67	17	0.003079
NGC 2098	NGC 2098	5.708619	-68.273167	10.73	OCl	Dor	2.2	2	140
M 37	M 37 · NGC 2099	5.871764	32.553	5.6	OCl	Aur	11.4			0.000026	M 37
NGC 2100	NGC 2100	5.702519	-69.211833	9.6	GCl	Dor	2.5	2.5
NGC 2103	NGC 2103	5.694542	-71.333139	10.82	HII	Men	4	3.5	40
NGC 2112	NGC 2112	5.895892	0.410806	9.1	OCl	Ori	21			0.000103
NGC 2122	NGC 2122	5.814586	-70.070083	10.43	Cl+N	Men	6	5	50
NGC 2129	NGC 2129	6.018483	23.322167	6.7	OCl	Gem	3.9			0.000039
NGC 2136	NGC 2136	5.882708	-69.49275	10.7	GCl	Dor	2.8	2.5	140
NGC 2141	NGC 2141	6.048628	10.446472	9.4	OCl	Ori	5.4			0.00009
NGC 2146	NGC 2146	6.310475	78.357028	10.69	G	Cam	5.31	4.32	123	0.002975
NGC 2157	NGC 2157	5.959661	-69.197222	10.16	GCl	Dor	2.8	2.8
NGC 2158	NGC 2158	6.123781	24.096167	8.6	OCl	Gem	8.4			0.000091
NGC 2164	NGC 2164	5.982294	-68.515889	10.34	GCl	Dor	2.8	2.8
M 35	M 35 · NGC 2168	6.151406	24.338639	5.1	OCl	Gem	24			-0.000021	M 35
NGC 2169	NGC 2169	6.140097	13.964861	5.9	OCl	Ori	7.2			0.000077
Monkey Head Nebula	NGC 2174	6.156561	20.659583	12	Neb	Ori	40	30
NGC 2175	NGC 2175	6.160986	20.487583	6.8	Cl+N	Ori	5.4			0.000077
NGC 2180	NGC 2180	6.160069	4.711611	9	OCl	Ori	4.2
NGC 2182	NGC 2182	6.158597	-6.326444	9	RfN	Mon	3	2
NGC 2186	NGC 2186	6.201981	5.458583	8.7	OCl	Ori	4.2			0.000067
NGC 2192	NGC 2192	6.254842	39.855222	10.9	OCl	Aur	5.4
NGC 2194	NGC 2194	6.229419	12.806667	8.5	OCl	Ori	8.7			0.000025
NGC 2204	NGC 2204	6.25895	-18.665861	8.6	OCl	CMa	6.3			0.000308
NGC 2210	NGC 2210	6.192044	-69.121389	10.94	GCl	Dor	3.3	3.3
NGC 2214	NGC 2214	6.215814	-68.260722	10.93	OCl	Dor	3.1	3.1
NGC 2215	NGC 2215	6.347014	-7.283778	8.45	OCl	Mon	8.4			-0.000008
NGC 2217	NGC 2217	6.36105	-27.23375	10.57	G	CMa	4.63	4.12	113	0.005425
NGC 2232	NGC 2232	6.466981	-4.847444	3.9	OCl	Mon	9.9			0.000086
NGC 2236	NGC 2236	6.494361	6.830694	8.5	OCl	Mon	5.4			0.0002
Rosette A	NGC 2237	6.515169	5.049167	12	Neb	Mon	80	50		0.000125
Rosette Nebula	NGC 2238	6.511214	5.013056	6	HII	Mon	80	60
NGC 2239	NGC 2239	6.5321	4.942944	4.8	Cl+N	Mon	9.3			0.000112
NGC 2243	NGC 2243	6.492911	-31.281333	9.4	OCl	CMa	5.1			0.000199
NGC 2245	NGC 2245	6.544792	10.156639	11	RfN	Mon	2	2
Rosette B	NGC 2246	6.542722	5.128278	12	Neb	Mon	10	10	90
NGC 2247	NGC 2247	6.551444	10.32225	8.5	RfN	Mon	2	2
NGC 2250	NGC 2250	6.563856	-5.084444	8.9	OCl	Mon	5.1
NGC 2251	NGC 2251	6.577356	8.366389	7.3	OCl	Mon	5.7			0.000082
NGC 2252	NGC 2252	6.578603	5.36625	7.7	OCl	Mon	6.6			0.00003
NGC 2254	NGC 2254	6.597128	7.673278	9.1	OCl	Mon	4.2			0.000176
NGC 2259	NGC 2259	6.639289	10.883611	10.8	OCl	Mon	6			0.00022
Hubble's Nebula	NGC 2261	6.652642	8.744333	11.85	RfN	Mon	2	1
Christmas Tree Cluster	NGC 2264	6.682847	9.895472	3.9	Cl+N	Mon	11.4			0.000072
NGC 2266	NGC 2266	6.722003	26.969556	9.5	OCl	Gem	4.2			0.000126
NGC 2269	NGC 2269	6.721411	4.624306	10	OCl	Mon	4.8
NGC 2281	NGC 2281	6.804956	41.078861	5.4	OCl	Aur	10.8			0.000065
NGC 2282	NGC 2282	6.780992	1.316	10	HII	Mon	3	3
NGC 2286	NGC 2286	6.794492	-3.147667	7.5	OCl	Mon	5.4			0.000119
M 41	M 41 · NGC 2287	6.76665	-20.754222	4.5	OCl	CMa	12			0.000078	M 41
NGC 2298	NGC 2298	6.816444	-36.005306	8.89	GCl	Pup	4.8			0.000491
NGC 2299	NGC 2299	6.864911	-7.082722	8.9	OCl	Mon	4.8
Great Bird Cluster	NGC 2301	6.862583	0.459194	6	OCl	Mon	10.2			0.000088
NGC 2304	NGC 2304	6.919892	17.992778	10	OCl	Gem	4.8			0.000132
NGC 2309	NGC 2309	6.934336	-7.174306	10.5	OCl	Mon	5.4			0.000186
NGC 2311	NGC 2311	6.963208	-4.611333	9.6	OCl	Mon	6
M 50	M 50 · NGC 2323	7.044575	-8.364028	5.9	OCl	Mon	14.1			0.000039	M 50
NGC 2324	NGC 2324	7.068878	1.044611	8.4	OCl	Mon	8.7			0.000139
NGC 2331	NGC 2331	7.116619	27.261583	8.5	OCl	Gem	4.8
NGC 2335	NGC 2335	7.113736	-10.028639	7.2	OCl	Mon	8.7			0.000029
NGC 2336	NGC 2336	7.451125	80.178083	10.68	G	Cam	5.01	2.81	175	0.007325
NGC 2343	NGC 2343	7.135222	-10.616806	6.7	OCl	Mon	7.5			0.00005
NGC 2345	NGC 2345	7.138553	-13.19375	7.7	OCl	CMa	6.9			0.000203
NGC 2353	NGC 2353	7.241753	-10.265861	7.1	OCl	Mon	6.6			0.000109
NGC 2354	NGC 2354	7.234797	-25.688917	6.5	OCl	CMa	4.8			0.000111
NGC 2355	NGC 2355	7.283128	13.749861	9.7	OCl	Gem	6			0.000118
Caroline's Cluster	NGC 2360	7.295311	-15.641306	7.2	OCl	CMa	9			0.000091
NGC 2362	NGC 2362	7.311519	-24.954194	4.1	OCl	CMa	7.2			0.000096
NGC 2367	NGC 2367	7.334594	-21.884083	7.9	OCl	CMa	5.4			0.000143
NGC 2374	NGC 2374	7.398908	-13.263361	8	OCl	CMa	9			0.000091
NGC 2383	NGC 2383	7.411083	-20.947639	8.4	OCl	CMa	4.2			0.00024
NGC 2384	NGC 2384	7.419397	-21.019861	7.4	OCl	CMa	4.8			0.000153
Eskimo Nebula	NGC 2392	7.486322	20.911833	9.61	PN	Gem	0.86			0.000281
NGC 2395	NGC 2395	7.453569	13.608194	8	OCl	Gem	4.62
NGC 2396	NGC 2396	7.467478	-11.719667	7.4	OCl	Pup	6.6			0.000059
NGC 2403	NGC 2403	7.614278	65.602556	8.43	G	Cam	19.95	10.07	126	0.00043
NGC 2409	NGC 2409	7.526867	-17.190417	7.3	OCl	Pup	0.11			0.000053
NGC 2414	NGC 2414	7.553556	-15.453861	7.9	OCl	Pup	5.4			0.000247
NGC 2419	NGC 2419	7.635542	38.879972	10.05	GCl	Lyn	4.5			-0.000069
NGC 2420	NGC 2420	7.639972	21.574083	8.3	OCl	Gem	7.5			0.000248
NGC 2421	NGC 2421	7.603281	-20.61225	8.3	OCl	Pup	5.1
M 47	M 47 · NGC 2422	7.609728	-14.482611	4.4	OCl	Pup	19.8			0.000114	M 47
NGC 2423	NGC 2423	7.618536	-13.8715	6.7	OCl	Pup	11.7			0.000062
NGC 2432	NGC 2432	7.681631	-19.069083	10.2	OCl	Pup	5.4			0.000172
M 46	M 46 · NGC 2437	7.696339	-14.81	6.1	OCl	Pup	21			0.000164	M 46
NGC 2438	NGC 2438	7.697331	-14.735778	10.8	PN	Pup	1.07			0.000257
NGC 2439	NGC 2439	7.679281	-31.692417	6.9	OCl	Pup	8.7			0.000227
NGC 2440	NGC 2440	7.698711	-18.208472	9.4	PN	Pup	0.27			0.000209
NGC 2442	NGC 2442	7.606622	-69.530833	10.63	G	Vol	4.68	3.09	23	0.004846
M 93	M 93 · NGC 2447	7.741453	-23.853083	6.2	OCl	Pup	15			0.000072	M 93
NGC 2451	NGC 2451	7.754169	-37.967444	9.5	OCl	Pup	37.5			0.000076
NGC 2453	NGC 2453	7.792814	-27.194806	8.3	OCl	Pup	3			0.000113
NGC 2455	NGC 2455	7.816278	-21.297944	10.2	OCl	Pup	4.5			0.00023
NGC 2477	NGC 2477	7.869383	-38.53325	5.8	OCl	Pup	18.6			0.000024
NGC 2479	NGC 2479	7.918353	-17.707806	9.6	OCl	Pup	6.3
NGC 2482	NGC 2482	7.919547	-24.254639	7.3	OCl	Pup	6.6			0.000131
NGC 2483	NGC 2483	7.927442	-27.886833	7.6	OCl	Pup	3.3			0.000405
NGC 2489	NGC 2489	7.937483	-30.060833	7.9	OCl	Pup	4.2			0.000126
NGC 2506	NGC 2506	8.000494	-10.769639	7.6	OCl	Mon	10.8			0.000283
NGC 2509	NGC 2509	8.013283	-19.050528	9.3	OCl	Pup	4.8			0.000203
NGC 2516	NGC 2516	7.968628	-60.753472	3.8	OCl	Car	24.3			0.000081
NGC 2520	NGC 2520	8.082828	-28.146667	6.5	OCl	Pup	9.3
NGC 2533	NGC 2533	8.117806	-29.883861	7.6	OCl	Pup	4.98			0.000117
Bear Claw Nebula	NGC 2537	8.220733	45.989806	11.71	G	Lyn	2.07	1.96	165	0.001491
NGC 2539	NGC 2539	8.176939	-12.820667	6.5	OCl	Pup	12.3			0.000098
NGC 2546	NGC 2546	8.204342	-37.594306	6.3	OCl	Pup	16.5			0.000054
NGC 2547	NGC 2547	8.169303	-49.205667	4.7	OCl	Vel	7.8			0.000047
M 48	M 48 · NGC 2548	8.228661	-5.750444	5.8	OCl	Hya	28.2			0.000138	M 48
NGC 2566	NGC 2566	8.312683	-25.499528	10.81	G	Pup	3.98	2.75	56	0.005448
NGC 2567	NGC 2567	8.309772	-30.635611	7.4	OCl	Pup	6			0.000123
NGC 2571	NGC 2571	8.315653	-29.749278	7	OCl	Pup	7.2			0.000147
Polarissima Australis	NGC 2573	1.693703	-89.334528	13.53	G	Oct	1.92	0.74	78	0.008215
NGC 2580	NGC 2580	8.35775	-30.293472	9.7	OCl	Pup	3			0.000225
NGC 2587	NGC 2587	8.390022	-29.508722	9.2	OCl	Pup	6			0.000163
NGC 2613	NGC 2613	8.556344	-22.973667	10.38	G	Pyx	7.62	1.79	113	0.005606
NGC 2627	NGC 2627	8.620817	-29.950417	8.4	OCl	Pyx	5.4			0.000096
Beehive	M 44 · NGC 2632	8.672833	19.672056	3.1	OCl	Cnc	108.6			0.000116	M 44
NGC 2645	NGC 2645	8.650867	-46.227306	7.32	OCl	Vel	6.6			0.000056
NGC 2655	NGC 2655	8.927147	78.223083	10.39	G	Cam	3.93	2.06	16	0.004713
NGC 2658	NGC 2658	8.724261	-32.656222	9.2	OCl	Pyx	7.2			0.000177
NGC 2659	NGC 2659	8.709172	-45.000528	8.6	OCl	Vel	5.1			0.000055
NGC 2660	NGC 2660	8.710553	-47.200667	8.8	OCl	Vel	3.6			0.000079
NGC 2663	NGC 2663	8.752292	-33.79475	10.59	G	Pyx	3.9	2.75	111	0.007078
NGC 2669	NGC 2669	8.772936	-52.947528	6.1	OCl	Vel	8.4			0.00007
NGC 2670	NGC 2670	8.758189	-48.791639	7.8	OCl	Vel	4.2			0.000022
NGC 2681	NGC 2681	8.892428	51.313667	10.86	G	UMa	3.97	3.97	70	0.00225
M 67	M 67 · NGC 2682	8.855592	11.811944	6.9	OCl	Cnc	33			0.000113	M 67
NGC 2683	NGC 2683	8.878147	33.42175	9.69	G	Lyn	9.48	2.7	44	0.001364
Helix Galaxy	NGC 2685	8.926308	58.734389	11.35	G	UMa	4.33	2.31	38	0.002915
Pencil Nebula	NGC 2736	9.004706	-45.948056	12	HII	Vel	30	7
NGC 2768	NGC 2768	9.19375	60.037222	9.87	G	UMa	5.64	2.24	93	0.00459
NGC 2775	NGC 2775	9.172256	7.037944	10.24	G	Cnc	4.25	3.36	159	0.004513
NGC 2784	NGC 2784	9.205417	-24.172611	10.1	G	Hya	4.82	1.85	73	0.002348
NGC 2808	NGC 2808	9.200706	-64.862833	5.69	GCl	Car	9			0.000347
NGC 2835	NGC 2835	9.298031	-22.354667	10.64	G	Hya	6.43	3.72	179	0.002957
NGC 2841	NGC 2841	9.367397	50.976528	10.18	G	UMa	6.9	3.31	147	0.0019
NGC 2859	NGC 2859	9.405147	34.5135	10.94	G	LMi	3.19	2.78	85	0.005614
NGC 2867	NGC 2867	9.356936	-58.311667	9.7	PN	Car	0.23			0.00006
NGC 2903	NGC 2903	9.536142	21.500833	8.91	G	Leo	11.94	5.28	22	0.001855
NGC 2910	NGC 2910	9.508061	-52.914	7.2	OCl	Vel	4.8
NGC 2925	NGC 2925	9.553033	-53.395972	8.3	OCl	Vel	7.5			0.000005
NGC 2972	NGC 2972	9.669867	-50.320944	9.9	OCl	Vel	3.6			0.00007
NGC 2974	NGC 2974	9.709244	-3.699139	10.89	G	Sex	3.48	2.13	44	0.006578
NGC 2976	NGC 2976	9.787628	67.916389	10.16	G	UMa	5.77	3.01	143	0.00004
NGC 2985	NGC 2985	9.839508	72.278639	10.51	G	UMa	3.61	2.92	177	0.004306
NGC 2986	NGC 2986	9.737789	-21.278	10.64	G	Hya	4.81	3.85	42	0.007725
NGC 2997	NGC 2997	9.760775	-31.191083	9.41	G	Ant	10.26	6.21	97	0.003611
Bode's Galaxy	M 81 · NGC 3031	9.925881	69.065306	6.92	G	UMa	21.63	11.25	157	-0.00014	M 81
NGC 3033	NGC 3033	9.809733	-56.430056	8.8	OCl	Vel	4.8			0.000089
Cigar Galaxy	M 82 · NGC 3034	9.931314	69.679389	8.3	G	UMa	10.99	5.11	66	0.00073	M 82
NGC 3077	NGC 3077	10.055297	68.733917	9.88	G	UMa	5.21	4.32	49	0.00004
NGC 3079	NGC 3079	10.032722	55.679778	10.71	G	UMa	8.18	1.29	166	0.003766
NGC 3091	NGC 3091	10.003969	-19.636972	11	G	Hya	3.69	2.18	144	0.012166
NGC 3105	NGC 3105	10.010978	-54.787694	9.7	OCl	Vel	4.08			0.000151
NGC 3109	NGC 3109	10.051911	-26.159583	10.54	G	Hya	16	2.74	93	0.001345
NGC 3114	NGC 3114	10.041547	-60.130528	4.2	OCl	Car	12.3			-0.000012
Spindle Galaxy	NGC 3115	10.087217	-7.718583	9.09	G	Sex	7.1	3.01	43	0.002222
Eight-Burst Nebula	NGC 3132	10.117147	-40.436583	9.2	PN	Vel	0.5			0.000163
NGC 3136	NGC 3136	10.096711	-67.377972	10.67	G	Car	4.2	2.94	27	0.00535
NGC 3166	NGC 3166	10.229333	3.424722	10.62	G	Sex	4.5	2.84	87	0.00444
NGC 3169	NGC 3169	10.237514	3.466083	10.89	G	Sex	4.34	2.65	49	0.00418
Polarissima Borealis	NGC 3172	11.787222	89.093056	15	G	UMi	1.14	1	85	0.02033
NGC 3184	NGC 3184	10.304683	41.424056	9.84	G	UMa	7.4	7.18	117	0.00197
NGC 3198	NGC 3198	10.331931	45.549611	10.38	G	UMa	6.46	1.84	30	0.00227
NGC 3199	NGC 3199	10.290119	-57.922222	12	Neb	Car	20	15
NGC 3201	NGC 3201	10.293544	-46.411222	8.24	GCl	Vel	9.6			0.00165
NGC 3211	NGC 3211	10.297364	-62.670056	10.7	PN	Car	0.27			-0.000053
NGC 3223	NGC 3223	10.359744	-34.266806	10.96	G	Ant	4.28	2.79	132	0.009704
NGC 3228	NGC 3228	10.356178	-51.722583	6	OCl	Vel	6.6			0.000046
Jupiter's Ghost Nebula	NGC 3242	10.4128	-18.642222	7.7	PN	Hya	0.42			0.000016
NGC 3245	NGC 3245	10.455108	28.507444	10.75	G	LMi	3.61	2.3	176	0.004453
NGC 3247	NGC 3247	10.403889	-57.763333	7.6	HII	Car	5	5
NGC 3255	NGC 3255	10.442044	-60.675194	11	OCl	Car	4.8			0.000073
NGC 3293	NGC 3293	10.596881	-58.224472	4.7	OCl	Car	5.1			-0.00004
NGC 3324	NGC 3324	10.621169	-58.619556	6.7	Cl+N	Car	4.8			-0.000024
NGC 3330	NGC 3330	10.645953	-54.130722	7.4	OCl	Vel	5.1			-0.00002
NGC 3338	NGC 3338	10.702094	13.747	10.88	G	Leo	1.23	0.71	98	0.004342
NGC 3344	NGC 3344	10.725319	24.922222	9.98	G	LMi	6.7	6.37	150	0.001951
NGC 3348	NGC 3348	10.786111	72.839667	10.92	G	UMa	2.13	2.13	65	0.009457
M 95	M 95 · NGC 3351	10.732694	11.703806	9.77	G	Leo	7.23	4.45	11	0.00256	M 95
NGC 3359	NGC 3359	10.776906	63.224222	10.55	G	UMa	4.07	2.83	167	0.003373
M 96	M 96 · NGC 3368	10.779372	11.819944	9.21	G	Leo	8.26	5.51	5	0.003012	M 96
Carina Nebula	NGC 3372	10.752369	-59.866694	3	HII	Car	120	120
NGC 3377	NGC 3377	10.795092	13.985917	10.27	G	Leo	3.87	1.87	36	0.002322
M 105	M 105 · NGC 3379	10.797108	12.581611	9.27	G	Leo	4.89	4.25	71	0.002922	M 105
NGC 3384	NGC 3384	10.804692	12.629278	9.96	G	Leo	5.24	2.37	53	0.002442
NGC 3412	NGC 3412	10.848133	13.412139	10.53	G	Leo	3.96	2.17	155	0.002885
NGC 3486	NGC 3486	11.006631	28.975139	10.57	G	LMi	5.82	4.12	80	0.002272
NGC 3489	NGC 3489	11.005158	13.901222	10.23	G	Leo	3.44	2.03	70	0.002325
NGC 3496	NGC 3496	10.992725	-60.336861	8.2	OCl	Car	6			0.000032
NGC 3519	NGC 3519	11.067436	-61.36825	7.7	OCl	Car	4.8			-0.000081
NGC 3521	NGC 3521	11.096828	-0.035861	9.11	G	Leo	8.32	4.47	162	0.002663
Wishing Well Cluster	NGC 3532	11.096617	-58.7705	3	OCl	Car	12			0.000016
M 108	M 108 · NGC 3556	11.191936	55.674111	10.05	G	UMa	3.98	1.66	79	0.002328	M 108
NGC 3557	NGC 3557	11.166011	-37.539167	10.42	G	Cen	4.36	3.43	32	0.01013
the Guitar	NGC 3561	11.187	28.696472	14.7	G	UMa	1.71	1.71	175	0.02875
NGC 3572	NGC 3572	11.172	-60.248361	6.6	OCl	Car	4.08			-0.000028
NGC 3579	NGC 3579	11.199889	-61.243222	12	Neb	Car	20	15
NGC 3585	NGC 3585	11.221414	-26.754833	9.69	G	Hya	6.61	3.27	104	0.0047
Owl Nebula	M 97 · NGC 3587	11.246586	55.019028	9.9	PN	UMa	3.58			0	M 97
NGC 3590	NGC 3590	11.216381	-60.789028	8.2	OCl	Car	5.1			-0.000024
NGC 3593	NGC 3593	11.243611	12.817667	10.91	G	Leo	4.69	1.85	91	0.002091
NGC 3607	NGC 3607	11.281844	18.05175	10	G	Leo	4.59	4.03	120	0.00319
NGC 3608	NGC 3608	11.283042	18.148694	10.63	G	Leo	3.18	2.67	78	0.003959
NGC 3610	NGC 3610	11.307019	58.786278	10.77	G	UMa	2.39	2.37	135	0.005904
NGC 3613	NGC 3613	11.310031	58	10.81	G	UMa	3.55	1.78	100	0.006738
NGC 3621	NGC 3621	11.304586	-32.814056	9.55	G	Hya	9.79	4.03	161	0.002437
M 65	M 65 · NGC 3623	11.315533	13.092361	9.32	G	Leo	7.64	1.97	173	0.00254	M 65
NGC 3626	NGC 3626	11.334392	18.356833	10.98	G	Leo	2.94	1.94	157	0.004977
M 66	M 66 · NGC 3627	11.337489	12.991528	8.92	G	Leo	10.28	4.61	168	0.00234	M 66
NGC 3628	NGC 3628	11.338047	13.589694	9.45	G	Leo	11.04	3.44	104	0.00288
NGC 3631	NGC 3631	11.350797	53.169556	10.42	G	UMa	3.72	3.08	118	0.00384
NGC 3640	NGC 3640	11.351903	3.234833	10.41	G	Leo	4.33	3.81	98	0.004396
NGC 3665	NGC 3665	11.412131	38.762861	10.83	G	UMa	4.06	3	29	0.00665
NGC 3675	NGC 3675	11.435717	43.585917	10.09	G	UMa	5.9	3.27	178	0.002542
NGC 3680	NGC 3680	11.426967	-43.250111	7.6	OCl	Cen	5.7			0.000006
NGC 3699	NGC 3699	11.465875	-59.958056	11.3	PN	Cen	0.75			-0.000053
NGC 3705	NGC 3705	11.502072	9.276639	10.97	G	Leo	4.31	1.74	121	0.003356
NGC 3718	NGC 3718	11.543014	53.067917	10.7	G	UMa	4.7	2.34	9	0.003306
NGC 3726	NGC 3726	11.555867	47.029194	10.49	G	UMa	5.27	3.54	14	0.002872
Pearl Cluster	NGC 3766	11.603997	-61.605167	5.3	OCl	Cen	6.9			-0.000052
NGC 3810	NGC 3810	11.682989	11.471139	10.75	G	Leo	3.35	2.29	28	0.0033
NGC 3877	NGC 3877	11.768806	47.494333	11	G	UMa	5.36	1.23	36	0.00302
NGC 3887	NGC 3887	11.784603	-16.854611	10.93	G	Crt	3.27	2.57	10	0.004029
NGC 3893	NGC 3893	11.810608	48.710833	10.63	G	UMa	2.69	1.43	158	0.003242
NGC 3898	NGC 3898	11.820936	56.084361	10.72	G	UMa	3.47	2.11	107	0.003929
NGC 3904	NGC 3904	11.820339	-29.27675	10.79	G	Hya	3.47	2.51	11	0.005344
Blue Planetary	NGC 3918	11.838319	-57.182333	8.1	PN	Cen	0.32			-0.000055
NGC 3923	NGC 3923	11.850469	-28.806028	9.6	G	Hya	6.89	4.55	48	0.005767
Miniature Spiral	NGC 3928	11.863228	48.683139	12.48	G	UMa	1.36	1.25	0	0.003288
NGC 3938	NGC 3938	11.880403	44.120722	10.36	G	UMa	3.55	3.44	28	0.00291
NGC 3941	NGC 3941	11.882044	36.986333	10.37	G	UMa	3.51	2.33	10	0.003075
NGC 3945	NGC 3945	11.887147	60.675556	10.75	G	UMa	5.55	3.29	15	0.004153
NGC 3949	NGC 3949	11.894922	47.858694	10.89	G	UMa	2.26	1.32	116	0.002665
NGC 3953	NGC 3953	11.896922	52.326778	10.1	G	UMa	6.14	3.13	14	0.003509
NGC 3960	NGC 3960	11.842558	-55.669833	8.3	OCl	Cen	6			-0.000075
NGC 3962	NGC 3962	11.911139	-13.975028	10.65	G	Crt	4.17	3	10	0.006074
M 109	M 109 · NGC 3992	11.959994	53.374528	9.88	G	UMa	8.07	5.64	78	0.003496	M 109
NGC 4026	NGC 4026	11.990331	50.961694	10.78	G	UMa	4.41	0.87	178	0.003142
NGC 4030	NGC 4030	12.006564	-1.100083	10.51	G	Vir	3.78	2.65	19	0.004906
NGC 4036	NGC 4036	12.024097	61.895778	10.84	G	UMa	4.85	2.08	83	0.004777
Antennae Galaxies	NGC 4038	12.031392	-18.867611	10.2	G	Crv	5.42	3.78	80	0.005593
Antennae Galaxies	NGC 4039	12.031531	-18.886194	11.04	G	Crv	5.36	2.73	50	0.005474
NGC 4051	NGC 4051	12.052669	44.531333	11.37	G	UMa	4.89	4.26	146	0.00216
NGC 4052	NGC 4052	12.034775	-63.223472	8.8	OCl	Cru	5.1			-0.000009
NGC 4088	NGC 4088	12.092831	50.539028	10.6	G	UMa	7.01	2.65	44	0.002515
NGC 4096	NGC 4096	12.100314	47.478444	10.57	G	UMa	5.65	1.43	20	0.00185
NGC 4103	NGC 4103	12.110992	-61.250083	7.4	OCl	Cru	7.8			-0.00004
NGC 4105	NGC 4105	12.111325	-29.760222	10.62	G	Hya	4.33	3.41	136	0.0063
NGC 4111	NGC 4111	12.117536	43.065722	10.81	G	CVn	1.78	0.64	152	0.002635
NGC 4125	NGC 4125	12.135006	65.174139	9.71	G	Dra	5.87	4.58	95	0.004483
NGC 4147	NGC 4147	12.168381	18.542139	10.74	GCl	Com	2.4			0.000599
NGC 4179	NGC 4179	12.214475	1.299694	10.93	G	Vir	4.48	1.22	146	0.00411
M 98	M 98 · NGC 4192	12.230081	14.900333	10.84	G	Com	11.04	2.66	152	-0.0004	M 98
Medusa Galaxy Merger	NGC 4194	12.235964	54.526833	12.77	G	UMa	1.64	1.14	170	0.00818
NGC 4214	NGC 4214	12.260881	36.326889	9.77	G	CVn	6.79	5.28	128	0.000977
NGC 4216	NGC 4216	12.265122	13.149389	9.93	G	Vir	7.82	1.84	20	-0.00025
NGC 4230	NGC 4230	12.285936	-55.286139	9.4	OCl	Cen	5.4
NGC 4236	NGC 4236	12.278367	69.462583	9.77	G	Dra	23.5	6.85	161	-0.000003
NGC 4244	NGC 4244	12.291572	37.807111	10.18	G	CVn	16.22	7.24	45	0.000814
NGC 4251	NGC 4251	12.302292	28.175389	10.77	G	Com	2.34	1.23	100	0.003562
Coma Pinwheel	M 99 · NGC 4254	12.313778	14.4165	9.84	G	Com	5.04	4.74	23	0.008036	M 99
M 106	M 106 · NGC 4258	12.315972	47.303972	9.29	G	CVn	16.98	7.24	150	0.001541	M 106
NGC 4267	NGC 4267	12.329233	12.798278	10.89	G	Vir	2.55	1.76	143	0.00317
NGC 4274	NGC 4274	12.330719	29.614472	10.42	G	Com	3.63	1.7	102	0.00312
NGC 4278	NGC 4278	12.335228	29.28075	10.21	G	Com	2.89	2.83	35	0.00225
NGC 4293	NGC 4293	12.353581	18.382389	10.17	G	Com	6.24	3.72	72	0.00311
M 61	M 61 · NGC 4303	12.36525	4.473639	10.25	G	Vir	6.89	6.56	20	0.00523	M 61
NGC 4314	NGC 4314	12.375506	29.895889	10.57	G	Com	3.7	3.56	150	0.003292
M 100	M 100 · NGC 4321	12.381897	15.821806	9.47	G	Com	6.1	5.62	108	0.005251	M 100
NGC 4337	NGC 4337	12.400919	-58.123778	8.9	OCl	Cru	6.6			-0.000052
NGC 4349	NGC 4349	12.401678	-61.870444	7.4	OCl	Cru	6.3			-0.000038
NGC 4350	NGC 4350	12.399408	16.693417	10.87	G	Com	2.8	1.33	28	0.00412
NGC 4361	NGC 4361	12.408544	-18.784833	10.9	PN	Crv	1.05			0.000033
NGC 4365	NGC 4365	12.407856	7.317667	9.43	G	Vir	5.12	3.66	40	-0.00022
NGC 4371	NGC 4371	12.415397	11.704222	10.83	G	Vir	3.88	1.81	96	0.003142
NGC 4372	NGC 4372	12.429272	-72.659083	9.85	GCl	Mus	12			0.000252
NGC 4373	NGC 4373	12.421617	-39.759722	10.92	G	Cen	3.98	2.11	54	0.011348
M 84	M 84 · NGC 4374	12.417706	12.886972	9.79	G	Vir	7.41	6.44	133	0.00327	M 84
M 85	M 85 · NGC 4382	12.423364	18.1915	9.05	G	Com	6.95	5.35	12	0.00257	M 85
NGC 4395	NGC 4395	12.430239	33.546917	10.29	G	CVn	4.17	1.39	128	0.00106
M 86	M 86 · NGC 4406	12.436594	12.946222	8.86	G	Vir	11.53	8.43	128	-0.00061	M 86
NGC 4414	NGC 4414	12.440861	31.223528	10.2	G	Com	1.95	1.12	162	0.002395
NGC 4429	NGC 4429	12.457364	11.107722	10.08	G	Vir	5.3	2.42	98	0.003759
Eyes	NGC 4435	12.461247	13.078944	10.96	G	Vir	3.03	2.14	12	0.0028
Eyes	NGC 4438	12.462664	13.008833	10.92	G	Vir	9.16	4.02	27	0.00033
NGC 4439	NGC 4439	12.473986	-60.103222	8.4	OCl	Cru	4.5
NGC 4442	NGC 4442	12.467744	9.803722	10.6	G	Vir	4.32	1.61	87	0.00117
NGC 4449	NGC 4449	12.46975	44.093639	9.64	G	CVn	4.66	2.71	51	0.00068
NGC 4450	NGC 4450	12.474897	17.084944	10.87	G	Com	5.46	3.78	173	0.006444
NGC 4457	NGC 4457	12.483058	3.570583	10.57	G	Vir	2.79	2.37	79	0.00294
NGC 4459	NGC 4459	12.483336	13.978361	10.25	G	Com	4.17	3.16	109	0.003996
NGC 4463	NGC 4463	12.498672	-64.789667	7.2	OCl	Mus	4.8			-0.000082
M 49	M 49 · NGC 4472	12.496322	8.000472	8.28	G	Vir	10.21	8.38	156	0.00317	M 49
NGC 4473	NGC 4473	12.496908	13.429361	10.09	G	Com	4.27	2.51	100	0.0078
NGC 4477	NGC 4477	12.500611	13.636611	10.31	G	Com	3.7	3.22	26	0.00449
Virgo Galaxy	M 87 · NGC 4486	12.513728	12.391111	9	G	Vir	7.11	6.67	153	0.0042	M 87
NGC 4490	NGC 4490	12.510067	41.643889	9.72	G	CVn	6.71	1.65	133	0.00196
NGC 4494	NGC 4494	12.523361	25.77525	9.8	G	Com	4.35	4.13	173	0.004406
M 88	M 88 · NGC 4501	12.5331	14.420389	10.33	G	Com	8.65	4.38	138	0.007602	M 88
NGC 4503	NGC 4503	12.535064	11.176417	10.97	G	Vir	3.48	1.58	12	0.004543
NGC 4517	NGC 4517	12.545997	0.115028	10.48	G	Vir	9.02	1.42	84	0.003788
NGC 4526	NGC 4526	12.567525	7.699528	9.59	G	Vir	9.64	3.32	113	0.001876
NGC 4527	NGC 4527	12.569006	2.653667	10.5	G	Vir	6.3	1.72	69	0.00528
NGC 4535	NGC 4535	12.572308	8.19775	9.89	G	Vir	8.15	7.48	27	0.00653
NGC 4536	NGC 4536	12.574181	2.188139	10.48	G	Vir	7.08	2.55	121	0.00603
NGC 4546	NGC 4546	12.591531	-3.793194	10.57	G	Vir	3.16	1.76	90	0.003492
M 91	M 91 · NGC 4548	12.590681	14.496333	10.96	G	Com	5.55	4.52	150	0.001644	M 91
M 89	M 89 · NGC 4552	12.594392	12.556333	10.08	G	Vir	8.13	8	150	0.000914	M 89
NGC 4559	NGC 4559	12.599347	27.96	9.92	G	Com	10.57	4.82	148	0.002719
Needle Galaxy	NGC 4565	12.605772	25.987667	10.86	G	Com	16.75	2.89	135	0.00421
Butterfly Galaxies	NGC 4567	12.609086	11.258	11.32	G	Vir	2.74	2.15	89	0.0076
Butterfly Galaxies	NGC 4568	12.609517	11.238889	10.8	G	Vir	4.31	1.87	29	0.00744
M 90	M 90 · NGC 4569	12.613831	13.162944	9.54	G	Vir	9.12	3.82	22	-0.000784	M 90
M 58	M 58 · NGC 4579	12.628756	11.818194	10.3	G	Vir	5.01	3.84	90	0.00562	M 58
NGC 4589	NGC 4589	12.623608	74.191917	10.74	G	Dra	2.93	2.31	84	0.006511
M 68	M 68 · NGC 4590	12.657781	-26.743028	7.96	GCl	Hya	6.6			-0.00031	M 68
Sombrero Galaxy	M 104 · NGC 4594	12.666508	-11.623056	8.59	G	Vir	8.45	4.91	90	0.003642	M 104
NGC 4596	NGC 4596	12.665542	10.176139	10.46	G	Vir	3.93	3.3	120	0.0066
NGC 4605	NGC 4605	12.666494	61.609194	10.26	G	UMa	5.87	2.29	122	0.000484
Coalsack Cluster	NGC 4609	12.704675	-62.99575	6.9	OCl	Cru	5.4			0.000073
NGC 4618	NGC 4618	12.692458	41.150778	10.78	G	CVn	3.56	2.29	32	0.00173
M 59	M 59 · NGC 4621	12.700622	11.647028	9.56	G	Vir	4.55	3.21	165	0.001438	M 59
Whale Galaxy	NGC 4631	12.702225	32.5415	9.24	G	CVn	14.45	2.2	86	0.002021
NGC 4636	NGC 4636	12.713842	2.687778	9.99	G	Vir	6.35	4.7	150	0.00307
NGC 4643	NGC 4643	12.722261	1.978278	10.65	G	Vir	2.24	1.75	132	0.0044
M 60	M 60 · NGC 4649	12.727772	11.552694	8.79	G	Vir	6.78	5.45	105	0.00339	M 60
Umbrella Galaxy	NGC 4651	12.728508	16.393389	10.82	G	Com	3.87	2.58	77	0.00233
NGC 4654	NGC 4654	12.732383	13.126667	10.49	G	Vir	4.72	2.49	123	0.00348
NGC 4656 NED01	NGC 4656 NED01	12.732686	32.17025	10.47	G	CVn	6.46	0.66	36	0.00236
NGC 4664	NGC 4664	12.751664	3.055778	10.5	G	Vir	4.52	4.52	5	0.002622
NGC 4666	NGC 4666	12.752386	-0.461889	10.75	G	Vir	4.97	1.97	40	0.005152
Mice Galaxy	NGC 4676	12.769639	30.727222	12	GPair	Com	3
NGC 4689	NGC 4689	12.795989	13.762806	10.93	G	Com	3.82	2.86	163	0.00542
NGC 4691	NGC 4691	12.803786	-3.332722	10.99	G	Vir	3.03	2.46	28	0.00376
NGC 4696	NGC 4696	12.813681	-41.310833	10.3	G	Cen	3.85	2.56	88	0.009734
NGC 4697	NGC 4697	12.809967	-5.80075	9.37	G	Vir	7.14	4.16	83	0.004044
NGC 4698	NGC 4698	12.806364	8.487389	10.65	G	Vir	3.81	1.55	170	0.00344
NGC 4699	NGC 4699	12.817286	-8.664861	9.53	G	Vir	3.99	3.02	35	0.004673
NGC 4710	NGC 4710	12.827453	15.165444	10.71	G	Com	4.39	1.13	26	0.00397
NGC 4725	NGC 4725	12.840717	25.500806	9.38	G	Com	9.71	7.1	36	0.004033
M 94	M 94 · NGC 4736	12.848072	41.120444	8.24	G	CVn	7.74	6.68	105	0.00096	M 94
NGC 4753	NGC 4753	12.872808	-1.199694	9.66	G	Vir	6.49	3.06	86	0.004213
NGC 4754	NGC 4754	12.871528	11.313889	10.48	G	Vir	4.16	1.95	22	0.00425
Herschel's Jewel Box	NGC 4755	12.893633	-60.356306	12	OCl	Cru	7.8			-0.000067
NGC 4762	NGC 4762	12.882236	11.230806	10.17	G	Vir	8.26	3.52	32	0.00287
NGC 4815	NGC 4815	12.966214	-64.96175	8.6	OCl	Mus	3.9			-0.000098
Black Eye Galaxy	M 64 · NGC 4826	12.945456	21.682972	8.52	G	Com	10.52	5.33	114	0.001341	M 64
NGC 4833	NGC 4833	12.993039	-70.874583	7.79	GCl	Mus	8.4			0.000674
NGC 4845	NGC 4845	12.966997	1.575833	10.97	G	Vir	5.5	1.2	82	0.0037
NGC 4852	NGC 4852	13.001219	-59.609444	8.9	OCl	Cen	5.4			-0.000017
NGC 4856	NGC 4856	12.989242	-15.042167	10.62	G	Vir	4.25	1.57	38	0.004453
NGC 4936	NGC 4936	13.071358	-30.52625	10.71	G	Cen	2.85	2.43	6	0.010249
NGC 4945	NGC 4945	13.090967	-49.468222	11.86	G	Cen	23.33	4.03	44	0.001797
NGC 4958	NGC 4958	13.096911	-8.020278	10.59	G	Vir	4.79	1.2	7	0.00469
NGC 4976	NGC 4976	13.143758	-49.506417	10.08	G	Cen	5.83	3.27	161	0.00471
Cocoon Galaxy	NGC 4990	13.154803	-5.272806	13.82	G	Vir	0.9	0.81	48	0.010533
NGC 5005	NGC 5005	13.182286	37.059194	10.71	G	CVn	4.82	1.52	70	0.003212
NGC 5018	NGC 5018	13.216953	-19.518194	10.85	G	Vir	3.49	2.17	99	0.009413
M 53	M 53 · NGC 5024	13.215342	18.169111	7.79	GCl	Com	9			-0.00021	M 53
NGC 5033	NGC 5033	13.224297	36.593944	10.68	G	CVn	9.84	4.58	172	0.00284
NGC 5044	NGC 5044	13.256658	-16.385528	10.78	G	Vir	3.66	3.17	41	0.009
NGC 5045	NGC 5045	13.279722	-63.416667	12	*Ass	Cen	20	11		-0.000056
NGC 5053	NGC 5053	13.274164	17.69775	9.96	GCl	Com	4.8			0.000143
NGC 5054	NGC 5054	13.282914	-16.634861	10.79	G	Vir	5.04	2.9	171	0.005855
Sunflower Galaxy	M 63 · NGC 5055	13.263703	42.029278	8.61	G	CVn	11.83	7.16	103	0.001678	M 63
NGC 5061	NGC 5061	13.301408	-26.837222	10.31	G	Hya	3.75	3.05	109	0.006808
NGC 5068	NGC 5068	13.315225	-21.039111	10.06	G	Vir	7.48	6.7	138	0.002232
NGC 5078	NGC 5078	13.33055	-27.410389	10.64	G	Hya	2.56	0.62	147	0.007145
NGC 5084	NGC 5084	13.338033	-21.827583	10.49	G	Vir	9.93	2.46	80	0.005743
NGC 5101	NGC 5101	13.362844	-27.430528	10.46	G	Hya	5.9	5.52	123	0.006261
NGC 5102	NGC 5102	13.366003	-36.63025	9.88	G	Cen	9.71	3.71	49	0.001548
NGC 5120	NGC 5120	13.427614	-63.458333	10.8	OCl	Cen
Centaurus A	NGC 5128	13.424339	-43.019111	7.22	G	Cen	25.88	19.77	33	0.001826
NGC 5138	NGC 5138	13.454225	-59.040944	5.33	OCl	Cen	4.2			-0.000032
Omega Centauri	NGC 5139	13.446081	-47.476861	5.33	GCl	Cen	27			0.000782
NGC 5168	NGC 5168	13.518125	-60.939222	9.1	OCl	Cen	4.2			-0.000115
NGC 5189	NGC 5189	13.559142	-65.974056	10.3	PN	Mus	2.33			-0.000027
Whirlpool Galaxy	M 51 · NGC 5194	13.497975	47.195167	8.36	G	CVn	13.71	11.67	163	0.00155	M 51
NGC 5195	NGC 5195	13.499886	47.266139	9.58	G	CVn	5.5	4.36	79	0.00191
NGC 5206	NGC 5206	13.562217	-48.151167	10.49	G	Cen	4.26	2.81	28	0.001918
Southern Pinwheel Galaxy	M 83 · NGC 5236	13.616931	-29.865417	7.21	G	Hya	13.61	13.21	45	0.001733	M 83
NGC 5247	NGC 5247	13.634178	-17.884028	10.41	G	Vir	5.32	4.26	170	0.00453
NGC 5248	NGC 5248	13.625561	8.885167	9.97	G	Boo	4.07	2.38	120	0.003843
NGC 5253	NGC 5253	13.665544	-31.640111	10.28	G	Cen	5.01	2.12	43	0.001345
NGC 5266	NGC 5266	13.717253	-48.169417	10.77	G	Cen	2.92	2.09	98	0.010042
M 3	M 3 · NGC 5272	13.703119	28.375444	6.39	GCl	CVn	16.2			-0.000491	M 3
NGC 5281	NGC 5281	13.776431	-62.916528	5.9	OCl	Cen	6.9			-0.000053
NGC 5286	NGC 5286	13.77405	-51.373472	8.31	GCl	Cen	6.6			0.000208
NGC 5315	NGC 5315	13.899136	-66.514167	9.8	PN	Cir	0.1			-0.000077
NGC 5316	NGC 5316	13.899228	-61.869111	6	OCl	Cen	9.9			-0.000048
NGC 5322	NGC 5322	13.820908	60.190528	10.14	G	UMa	5.62	3.49	95	0.006081
NGC 5363	NGC 5363	13.935336	5.254778	10.21	G	Vir	4.17	2.75	133	0.003773
NGC 5364	NGC 5364	13.936667	5.014472	10.52	G	Vir	3.8	1.66	45	0.004143
NGC 5419	NGC 5419	14.060758	-33.97825	10.77	G	Cen	3.98	2.95	78	0.013853
M 101	M 101 · NGC 5457	14.053483	54.348944	7.9	G	UMa	23.99	23.07	28	0.000811	M 101
NGC 5460	NGC 5460	14.124392	-48.342528	5.6	OCl	Cen	13.2			-0.000015
NGC 5466	NGC 5466	14.090933	28.5345	9.7	GCl	Boo	6.6			0.000357
NGC 5566	NGC 5566	14.338858	3.93375	10.51	G	Vir	5.36	2.08	35	0.00515
NGC 5576	NGC 5576	14.351022	3.271	10.9	G	Vir	2.83	1.87	91	0.00505
NGC 5606	NGC 5606	14.463133	-59.63225	7.7	OCl	Cen	3.6			-0.000125
NGC 5617	NGC 5617	14.495575	-60.710833	6.3	OCl	Cen	5.1			-0.000116
NGC 5634	NGC 5634	14.493689	-5.976417	10.05	GCl	Vir	4.5			-0.000054
NGC 5643	NGC 5643	14.54465	-44.174417	11.49	G	Lup	5.27	4.6	88	0.00399
NGC 5662	NGC 5662	14.593772	-56.618083	5.5	OCl	Cen	8.1			-0.000071
NGC 5694	NGC 5694	14.660142	-26.538333	10.89	GCl	Hya	3.3			-0.000465
NGC 5715	NGC 5715	14.724914	-57.577028	9.8	OCl	Cir	3.6			-0.000087
NGC 5746	NGC 5746	14.748867	1.955	10.55	G	Vir	7.24	1.08	172	0.00575
NGC 5749	NGC 5749	14.814983	-54.497694	8.8	OCl	Lup	7.2			-0.00006
NGC 5813	NGC 5813	15.019786	1.701972	10.53	G	Vir	4.13	2.7	143	0.006411
NGC 5822	NGC 5822	15.072569	-54.396417	6.5	OCl	Lup	18			-0.000099
NGC 5823	NGC 5823	15.091842	-55.60375	7.9	OCl	Cir	3.9			-0.000066
NGC 5824	NGC 5824	15.066289	-33.068139	9.56	GCl	Lup	5.1			-0.000084
NGC 5838	NGC 5838	15.090628	2.099333	10.81	G	Vir	3.86	1.29	40	0.004556
NGC 5846	NGC 5846	15.108133	1.605611	10.18	G	Vir	4.27	4.05	35	0.00572
NGC 5850	NGC 5850	15.118803	1.54425	11	G	Vir	3.35	2.37	119	0.00852
NGC 5866	NGC 5866	15.108194	55.763222	9.89	G	Dra	6.31	2.72	126	0.002528
NGC 5873	NGC 5873	15.214111	-38.125556	11	PN	Lup	0.12			-0.000435
NGC 5882	NGC 5882	15.280556	-45.649306	10.18	PN	Lup	0.23			0.000026
NGC 5897	NGC 5897	15.290111	-21.010111	8.52	GCl	Lib	9.9			0.000338
M 5	M 5 · NGC 5904	15.309375	2.082694	5.95	GCl	Se1	15			0.000179	M 5
NGC 5907	NGC 5907	15.264936	56.328778	10.37	G	Dra	11.3	1.75	156	0.002225
NGC 5925	NGC 5925	15.45745	-54.528778	8.4	OCl	Nor	4.8			-0.000069
NGC 5927	NGC 5927	15.466786	-50.672778	8.86	GCl	Lup	6.6			-0.000347
NGC 5946	NGC 5946	15.591269	-50.659722	10.72	GCl	Nor	3.6			0.000458
NGC 5986	NGC 5986	15.767622	-37.786139	6.92	GCl	Lup	5.4			0.000338
NGC 5999	NGC 5999	15.869064	-56.472806	9	OCl	Nor	3.3			-0.000103
NGC 6005	NGC 6005	15.930194	-57.437389	10.7	OCl	Nor	4.2			-0.000083
NGC 6025	NGC 6025	16.054942	-60.431361	5.1	OCl	TrA	11.4			-0.000026
NGC 6031	NGC 6031	16.126494	-54.014944	8.5	OCl	Nor	4.8			-0.000021
NGC 6067	NGC 6067	16.219736	-54.218944	5.6	OCl	Nor	8.1			-0.000133
S Nor Cluster	NGC 6087	16.31405	-57.934583	5.4	OCl	Nor	10.2			0.000004
M 80	M 80 · NGC 6093	16.284031	-22.975111	7.3	GCl	Sco	5.7			0.000036	M 80
NGC 6101	NGC 6101	16.430158	-72.201556	10.08	GCl	Aps	4.5			0.001223
NGC 6115	NGC 6115	16.407328	-51.94825	9.8	OCl	Nor	4.5
M 4	M 4 · NGC 6121	16.393167	-26.525528	5.4	GCl	Sco	28.2			0.000237	M 4
NGC 6124	NGC 6124	16.422239	-40.653694	5.8	OCl	Sco	13.5			-0.000069
NGC 6134	NGC 6134	16.462917	-49.151167	7.2	OCl	Nor	6.9			-0.000087
NGC 6139	NGC 6139	16.461253	-38.84975	9.68	GCl	Sco	4.5			0.000081
NGC 6144	NGC 6144	16.453928	-26.024722	9.63	GCl	Sco	5.4			0.000653
NGC 6152	NGC 6152	16.546006	-52.644	8.1	OCl	Nor	6.6			-0.000119
NGC 6153	NGC 6153	16.525178	-40.253444	10.9	PN	Sco	0.4			0.00013
NGC 6164	NGC 6164	16.561622	-48.080056	6.71	Neb	Nor	1.41	0.6		-0.00018
NGC 6165	NGC 6165	16.567625	-48.1505	6.71	Neb	Nor	2.5	0.5		-0.00018
NGC 6167	NGC 6167	16.576383	-49.771889	6.7	OCl	Nor	7.2			-0.000116
NGC 6169	NGC 6169	16.567953	-44.045639	6.6	OCl	Nor	4.2			0.000021
M 107	M 107 · NGC 6171	16.5422	-13.053639	8.85	GCl	Oph	7.8			-0.000116	M 107
NGC 6178	NGC 6178	16.596458	-45.64375	7.2	OCl	Sco	6.9			0.000012
Rim Nebula	NGC 6188	16.668289	-48.662278	12	Neb	Ara	20	12
NGC 6192	NGC 6192	16.673297	-43.366806	8.5	OCl	Sco	7.5			-0.000026
NGC 6200	NGC 6200	16.735375	-47.462667	7.4	OCl	Ara	8.1			-0.000069
NGC 6204	NGC 6204	16.769306	-47.016972	8.2	OCl	Ara	4.5			0.000039
Hercules Globular Cluster	M 13 · NGC 6205	16.694897	36.461306	5.8	GCl	Her	16.5			-0.000815	M 13
NGC 6208	NGC 6208	16.824497	-53.728333	7.2	OCl	Ara	8.4			-0.000107
NGC 6210	NGC 6210	16.741533	23.799833	9.65	PN	Her	0.5			-0.000119
NGC 6216	NGC 6216	16.823225	-44.731528	10.1	OCl	Sco	4.2			-0.000116
M 12	M 12 · NGC 6218	16.787367	-1.947833	6.07	GCl	Oph	11.1			-0.000138	M 12
NGC 6221	NGC 6221	16.879467	-59.218611	10.54	G	Ara	4.84	3.15	1	0.005012
NGC 6229	NGC 6229	16.783017	47.527806	9.86	GCl	Her	4.8			-0.000462
NGC 6231	NGC 6231	16.903033	-41.82425	2.6	OCl	Sco	13.8			-0.000064
NGC 6235	NGC 6235	16.890378	-22.177444	7.2	GCl	Oph	4.2			0.000423
NGC 6242	NGC 6242	16.925956	-39.460944	6.4	OCl	Sco	6.6			0.000131
NGC 6249	NGC 6249	16.961528	-44.811889	8.2	OCl	Sco	7.6			-0.000126
NGC 6250	NGC 6250	16.965575	-45.936639	5.9	Cl+N	Ara	9.6			-0.000056
NGC 6253	NGC 6253	16.984758	-52.708806	10.2	OCl	Ara	6			-0.000093
M 10	M 10 · NGC 6254	16.952497	-4.099333	4.98	GCl	Oph	9.3			0.000247	M 10
NGC 6259	NGC 6259	17.012611	-44.654972	8	OCl	Sco	6			-0.00011
M 62	M 62 · NGC 6266	17.020167	-30.112361	7.39	GCl	Oph	7.8			-0.000245	M 62
NGC 6268	NGC 6268	17.036219	-39.728222	9.5	OCl	Sco	6			-0.00005
M 19	M 19 · NGC 6273	17.0438	-26.267944	5.57	GCl	Oph	7.5			0.000486	M 19
NGC 6281	NGC 6281	17.078139	-37.985222	5.4	OCl	Sco	10.2			-0.000051
NGC 6284	NGC 6284	17.074653	-24.764333	7.43	GCl	Oph	6.6			0.000094
NGC 6287	NGC 6287	17.085928	-22.708	10.3	GCl	Oph	5.4			-0.000983
NGC 6293	NGC 6293	17.169558	-26.58175	9.02	GCl	Oph	4.5			-0.000479
NGC 6300	NGC 6300	17.283186	-62.820556	10.27	G	Ara	5.33	3.37	119	0.003683
Bug Nebula	NGC 6302	17.229064	-37.103139	9.6	PN	Sco	0.74			-0.000119
NGC 6304	NGC 6304	17.242364	-29.462278	9.03	GCl	Oph	3.6			-0.000362
Box Nebula	NGC 6309	17.234528	-12.910556	11.5	PN	Oph	0.26			-0.000133
NGC 6316	NGC 6316	17.277058	-28.140028	9.03	GCl	Oph	4.8			0.000333
NGC 6322	NGC 6322	17.307164	-42.934028	6	OCl	Sco	6.3			-0.00019
M 9	M 9 · NGC 6333	17.319939	-18.51625	8.42	GCl	Oph	6.9			0.001037	M 9
M 92	M 92 · NGC 6341	17.285353	43.136528	6.52	GCl	Her	14.4			-0.000402	M 92
NGC 6342	NGC 6342	17.352817	-19.587417	10.01	GCl	Oph	6.6			0.000389
NGC 6352	NGC 6352	17.424767	-48.422694	8.87	GCl	Ara	7.2			-0.000419
NGC 6356	NGC 6356	17.393053	-17.813028	7.42	GCl	Oph	5.4			0.00013
the War and Peace Nebula	NGC 6357	17.412103	-34.201333	12	Cl+N	Sco	3.9			-0.000027
NGC 6362	NGC 6362	17.5319	-67.047861	8.86	GCl	Ara	8.4			-0.000049
Little Ghost Nebula	NGC 6369	17.489028	-23.759444	11.4	PN	Oph	0.63			-0.000354
NGC 6374	NGC 6374	17.578483	-32.581361	5.5	OCl	Sco	6.9
NGC 6384	NGC 6384	17.540083	7.060278	10.63	G	Oph	2.45	1.11	20	0.005621
NGC 6388	NGC 6388	17.604842	-44.735611	7.4	GCl	Sco	8.4			0.000276
NGC 6396	NGC 6396	17.626761	-35.025861	8.5	OCl	Sco	3.3			-0.000045
NGC 6397	NGC 6397	17.678156	-53.673694	5.17	GCl	Ara	15.3			0.000061
NGC 6400	NGC 6400	17.670222	-36.947722	8.8	OCl	Sco	6			-0.000044
NGC 6401	NGC 6401	17.643592	-23.908778	10.71	GCl	Oph	4.5			-0.000331
M 14	M 14 · NGC 6402	17.626711	-3.245917	5.73	GCl	Oph	9.9			-0.000202	M 14
NGC 6404	NGC 6404	17.660378	-33.246722	10.6	OCl	Sco	4.2			0.000033
Butterfly Cluster	M 6 · NGC 6405	17.672431	-32.254167	4.2	OCl	Sco	15.6			-0.000032	M 6
NGC 6425	NGC 6425	17.7838	-31.529389	7.2	OCl	Sco	4.8			0.000018
NGC 6440	NGC 6440	17.814631	-20.359583	10.1	GCl	Sgr	5.1			-0.000231
NGC 6441	NGC 6441	17.8369	-37.051083	8	GCl	Sco	4.8			0.000058
Little Gem	NGC 6445	17.82085	-20.0095	11.2	PN	Sgr	0.55			-0.000027
NGC 6451	NGC 6451	17.844622	-30.211611	8.2	OCl	Sco	7.2			-0.000077
NGC 6453	NGC 6453	17.847697	-34.599889	10.49	GCl	Sco	5.4			-0.000304
NGC 6469	NGC 6469	17.886703	-22.275111	8.2	OCl	Sgr	9			-0.000011
Ptolemy's Cluster	M 7 · NGC 6475	17.89755	-34.792833	3.3	OCl	Sco	22.2			-0.000049	M 7
M 23	M 23 · NGC 6494	17.951325	-18.985333	5.5	OCl	Sgr	16.8			-0.000106	M 23
NGC 6496	NGC 6496	17.984361	-44.266306	9.96	GCl	Sco	4.62			-0.000449
NGC 6503	NGC 6503	17.824008	70.144361	10.12	G	Dra	5.94	1.98	123	0.000143
NGC 6507	NGC 6507	17.997442	-17.450278	9.6	OCl	Sgr	4.8
Trifid Nebula	M 20 · NGC 6514	18.045031	-22.971889	8.5	Neb	Sgr	28	28		-0.000017	M 20
NGC 6520	NGC 6520	18.056706	-27.886111	7.6	OCl	Sgr	5.4			-0.000092
NGC 6522	NGC 6522	18.059464	-30.033972	9.48	GCl	Sgr	3.9			-0.000046
Lagoon Nebula	M 8 · NGC 6523	18.061464	-24.380167	5.8	Neb	Sgr	45	30		0.000013	M 8
NGC 6526	NGC 6526	18.068375	-24.441889	12	Neb	Sgr	40	40
NGC 6528	NGC 6528	18.080447	-30.055778	10.65	GCl	Sgr	3.6			0.000702
NGC 6530	NGC 6530	18.075286	-24.358056	4.6	Cl+N	Sgr	6			-0.000006
M 21	M 21 · NGC 6531	18.070403	-22.490056	5.9	OCl	Sgr	6			-0.000061	M 21
NGC 6535	NGC 6535	18.064081	-0.296917	9.85	GCl	Se2	3.6			-0.000716
Red Spider Nebula	NGC 6537	18.086972	-19.842972	11.6	PN	Sgr	0.17			-0.000058
NGC 6541	NGC 6541	18.133981	-43.715889	7.32	GCl	CrA	7.5			-0.000547
Cat's Eye Nebula	NGC 6543	17.975942	66.633194	9.01	PN	Dra	0.9			-0.000219
NGC 6544	NGC 6544	18.122222	-24.998361	9.9	GCl	Sgr	6			-0.000127
NGC 6546	NGC 6546	18.122931	-23.296222	8	OCl	Sgr	6.9			-0.000098
NGC 6553	NGC 6553	18.154856	-25.907861	9.08	GCl	Sgr	5.4			0.000002
NGC 6559	NGC 6559	18.165792	-24.106389	12	Neb	Sgr	15	10
NGC 6563	NGC 6563	18.200694	-33.868333	11	PN	Sgr	0.79			-0.000103
NGC 6567	NGC 6567	18.229222	-19.075833	11	PN	Sgr	0.13			0.0004
NGC 6568	NGC 6568	18.212292	-21.628028	8.6	OCl	Sgr	7.8			-0.000146
NGC 6569	NGC 6569	18.227408	-31.827667	9.47	GCl	Sgr	4.5			-0.000166
NGC 6572	NGC 6572	18.201725	6.853722	8.1	PN	Oph	0.18			-0.000029
NGC 6583	NGC 6583	18.263592	-22.137639	10	OCl	Sgr	3.6			-0.000008
NGC 6584	NGC 6584	18.310458	-52.215167	8.17	GCl	Tel	5.1			0.00087
NGC 6589	NGC 6589	18.282047	-19.777083	10.5	Neb	Sgr	4	3
NGC 6590	NGC 6590	18.284719	-19.866056	9.8	RfN	Sgr	4	3
NGC 6604	NGC 6604	18.300822	-12.243111	6.5	OCl	Se2	9.6			0.000055
NGC 6605	NGC 6605	18.272689	-15.015194	6	OCl	Se2	6.3
Eagle Nebula	M 16 · NGC 6611	18.313381	-13.807222	6	Neb	Se2	120	25		0.000033	M 16
M 18	M 18 · NGC 6613	18.332914	-17.101972	6.9	OCl	Sgr	6			-0.000047	M 18
Checkmark Nebula	M 17 · NGC 6618	18.346419	-16.171528	7	Neb	Sgr	12.6			-0.000149	M 17
NGC 6625	NGC 6625	18.379806	-11.955	9	OCl	Sct	6
M 28	M 28 · NGC 6626	18.409136	-24.869833	6.9	GCl	Sgr	5.1			0.000037	M 28
NGC 6633	NGC 6633	18.454231	6.508222	4.6	OCl	Oph	12			-0.000097
M 69	M 69 · NGC 6637	18.523119	-32.347972	8.31	GCl	Sgr	5.7			0.000156	M 69
NGC 6638	NGC 6638	18.515625	-25.496417	9.68	GCl	Sgr	4.2			0.000029
NGC 6642	NGC 6642	18.531728	-23.476139	10.24	GCl	Sgr	3.9			-0.000111
NGC 6644	NGC 6644	18.542981	-25.129361	10.7	PN	Sgr	0.04			0.000647
NGC 6645	NGC 6645	18.543861	-16.883889	8.5	OCl	Sgr	5.4			-0.000013
NGC 6647	NGC 6647	18.547039	-17.228667	8	OCl	Sgr	3.6
NGC 6649	NGC 6649	18.557767	-10.402806	8.9	OCl	Sct	5.58			-0.00003
NGC 6652	NGC 6652	18.596042	-32.990306	9.75	GCl	Sgr	5.1			-0.00033
M 22	M 22 · NGC 6656	18.606722	-23.903417	6.17	GCl	Sgr	12.6			-0.000493	M 22
NGC 6664	NGC 6664	18.609264	-8.22075	7.8	OCl	Sct	6			0.000062
M 70	M 70 · NGC 6681	18.720178	-32.291889	9.06	GCl	Sgr	6.6			0.000723	M 70
NGC 6683	NGC 6683	18.703881	-6.21225	9.4	OCl	Sct	3
NGC 6684	NGC 6684	18.816078	-65.173444	10.5	G	Pav	4.19	2.96	29	0.002845
M 26	M 26 · NGC 6694	18.755183	-9.383611	8.87	OCl	Sct	6			0.000013	M 26
NGC 6704	NGC 6704	18.846047	-5.205417	9.2	OCl	Sct	3.3			0.000085
Amas de l'Ecu de Sobieski	M 11 · NGC 6705	18.851664	-6.270028	5.8	OCl	Sct	9			0.000119	M 11
NGC 6709	NGC 6709	18.855261	10.31875	6.7	OCl	Aql	8.7			-0.000026
NGC 6712	NGC 6712	18.884692	-8.705472	8.69	GCl	Sct	5.7			-0.000358
M 54	M 54 · NGC 6715	18.917575	-30.4785	7.7	GCl	Sgr	5.1			0.000477	M 54
NGC 6716	NGC 6716	18.909547	-19.901083	7.5	OCl	Sgr	7.2			0.00002
NGC 6717	NGC 6717	18.918344	-22.701611	10.35	GCl	Sgr	3.9			0.000108
Ring Nebula	M 57 · NGC 6720	18.893058	33.028583	8.8	PN	Lyr	1.27			-0.000064	M 57
NGC 6727	NGC 6727	19.028408	-36.87625	12	RfN	CrA	80	80
NGC 6729	NGC 6729	19.032056	-36.957639	12	Neb	CrA	25	20
NGC 6738	NGC 6738	19.022656	11.615611	8.3	*Ass	Aql	5.4			-0.000116
Phantom Streak Nebula	NGC 6741	19.043611	-0.449389	11.5	PN	Aql	0.13			0.000143
NGC 6743	NGC 6743	19.022408	29.277472	8.2	OCl	Lyr	6.9
NGC 6744	NGC 6744	19.162806	-63.857528	9.25	G	Pav	15.67	9.75	15	0.0028
NGC 6752	NGC 6752	19.18105	-59.981861	6.28	GCl	Pav	13.2			-0.000088
NGC 6755	NGC 6755	19.130292	4.266417	7.5	OCl	Aql	6			0.00009
NGC 6756	NGC 6756	19.145158	4.705778	10.6	OCl	Aql	3.6
NGC 6760	NGC 6760	19.186683	1.030472	9.78	GCl	Aql	5.4			-0.000001
NGC 6774	NGC 6774	19.271194	-16.260694	12	OCl	Sgr	30			0.000139
M 56	M 56 · NGC 6779	19.276531	30.1845	8.4	GCl	Lyr	5.8			-0.000457	M 56
NGC 6790	NGC 6790	19.382472	1.513333	10.5	PN	Aql	0.12			0.000139
NGC 6791	NGC 6791	19.348117	37.771889	9.5	OCl	Lyr	6.3			-0.000158
NGC 6802	NGC 6802	19.509733	20.260972	8.8	OCl	Vul	4.5			0.000045
M 55	M 55 · NGC 6809	19.6665	-30.962083	6.49	GCl	Sgr	12			0.000582	M 55
NGC 6811	NGC 6811	19.621642	46.388833	6.8	OCl	Cyg	7.2			0.000024
Little Gem Nebula	NGC 6818	19.732703	-14.153167	9.3	PN	Sgr	0.77			-0.000046
Foxhead Cluster	NGC 6819	19.688358	40.18675	7.3	OCl	Cyg	6.9			0.000009
Barnard's Galaxy	NGC 6822	19.749372	-14.803444	10.05	G	Sgr	17.38	16.75	27	-0.00019
NGC 6823	NGC 6823	19.719414	23.299944	7.1	Cl+N	Vul	6			0.000057
Blinking Planetary	NGC 6826	19.746697	50.525028	9.44	PN	Cyg	0.42			-0.000021
NGC 6830	NGC 6830	19.849883	23.100139	7.9	OCl	Vul	4.2			-0.000103
NGC 6834	NGC 6834	19.870156	29.408167	7.8	OCl	Cyg	4.5			-0.000023
M 71	M 71 · NGC 6838	19.896142	18.778389	6.1	GCl	Sge	6.9			-0.000074	M 71
Dumbbell Nebula	M 27 · NGC 6853	19.993439	22.721028	7.4	PN	Vul	6.7			-0.00014	M 27
M 75	M 75 · NGC 6864	20.101344	-21.922222	8.26	GCl	Sgr	3.6			-0.000631	M 75
NGC 6866	NGC 6866	20.065328	44.159111	7.6	OCl	Cyg	5.1			0.000042
NGC 6868	NGC 6868	20.165019	-48.379556	10.59	G	Tel	3.58	3.13	81	0.009427
NGC 6871	NGC 6871	20.099844	35.77725	5.2	OCl	Cyg	9.3			-0.000035
NGC 6876	NGC 6876	20.305319	-70.858806	10.83	G	Pav	3.46	3	110	0.012878
NGC 6883	NGC 6883	20.188819	35.832194	8	OCl	Cyg	4.5			-0.000035
NGC 6884	NGC 6884	20.17325	46.460833	10.9	PN	Cyg	0.1			-0.000119
Crescent Nebula	NGC 6888	20.201819	38.354944	7.44	HII	Cyg	20	10
NGC 6891	NGC 6891	20.252456	12.704361	10.5	PN	Del	0.25			0.00014
Blue Flash Nebula	NGC 6905	20.373053	20.104528	11.1	PN	Del	0.67			-0.000014
NGC 6910	NGC 6910	20.386681	40.778611	7.4	OCl	Cyg	6.3			-0.000109
M 29	M 29 · NGC 6913	20.399381	38.507667	6.6	OCl	Cyg	3.6			-0.000056	M 29
NGC 6934	NGC 6934	20.569858	7.404111	9.75	GCl	Del	5.4			-0.001354
NGC 6939	NGC 6939	20.525036	60.662083	7.8	OCl	Cep	12			-0.000063
NGC 6940	NGC 6940	20.574081	28.282722	6.3	OCl	Vul	10.8			0.000026
Fireworks Galaxy	NGC 6946	20.5812	60.153917	9.05	G	Cyg	11.4	10.84	52	0.00015
Veil Nebula	NGC 6960	20.766161	30.595139	7	SNR	Cyg	210	160
M 72	M 72 · NGC 6981	20.891086	-12.537056	8.96	GCl	Aqr	4.5			-0.001105	M 72
NGC 6991	NGC 6991	20.914444	47.461667	12	OCl	Cyg	23			-0.000042
Eastern Veil	NGC 6992	20.938631	31.74275	7	SNR	Cyg	60	8
Eastern Veil	NGC 6995	20.952989	31.235167	7	SNR	Cyg	12	12
NGC 6997	NGC 6997	20.944292	44.6315	10	Cl+N	Cyg	6.9			-0.000065
North America Nebula	NGC 7000	20.988094	44.528778	4	HII	Cyg	120	30
NGC 7006	NGC 7006	21.024792	16.187528	10.46	GCl	Del	4.2			-0.001278
NGC 7008	NGC 7008	21.009111	54.543194	10.7	PN	Cyg	1.43			-0.000243
Saturn Nebula	NGC 7009	21.069664	-11.36325	8	PN	Aqr	0.7	0.52	70	-0.000155
Iris Nebula	NGC 7023	21.026561	68.169556	7.2	Neb	Cep	10	8
NGC 7026	NGC 7026	21.105133	47.852194	10.9	PN	Cyg	0.33			-0.000134
NGC 7027	NGC 7027	21.117092	42.236528	8.5	PN	Cyg	0.23			0.00003
NGC 7031	NGC 7031	21.120153	50.875556	9.1	OCl	Cyg	3.9			0.000001
NGC 7039	NGC 7039	21.179944	45.621806	7.6	OCl	Cyg	7.8			-0.000039
NGC 7049	NGC 7049	21.31675	-48.562167	10.55	G	Ind	3.94	2.69	64	0.007315
NGC 7062	NGC 7062	21.390967	46.378528	8.3	OCl	Cyg	3.6			-0.000074
NGC 7063	NGC 7063	21.406028	36.4875	7	OCl	Cyg	6.3			0.000015
NGC 7067	NGC 7067	21.406422	48.00925	9.7	OCl	Cyg	2.4			-0.000216
M 15	M 15 · NGC 7078	21.49955	12.166833	6.3	GCl	Peg	11.1			-0.000356	M 15
NGC 7082	NGC 7082	21.488261	47.126278	7.2	OCl	Cyg	9			-0.000037
NGC 7086	NGC 7086	21.507653	51.600528	8.4	OCl	Cyg	4.8			-0.000067
M 2	M 2 · NGC 7089	21.557503	-0.823306	6.25	GCl	Aqr	8.4			-0.000012	M 2
NGC 7090	NGC 7090	21.608017	-54.557333	10.87	G	Ind	8.15	1.63	128	0.002839
M 39	M 39 · NGC 7092	21.530089	48.438167	4.6	OCl	Cyg	19.5			-0.000018	M 39
M 30	M 30 · NGC 7099	21.672783	-23.179083	7.1	GCl	Cap	9			-0.000618	M 30
NGC 7128	NGC 7128	21.732725	53.715139	9.7	OCl	Cyg	3			-0.00016
NGC 7142	NGC 7142	21.752642	65.774444	9.3	OCl	Cep	9.6			-0.000166
NGC 7144	NGC 7144	21.878453	-48.25375	11	G	Gru	3.41	3.2	10	0.006511
NGC 7160	NGC 7160	21.894519	62.603306	6.1	OCl	Cep	4.2			-0.000068
NGC 7184	NGC 7184	22.044394	-20.812833	11	G	Aqr	5.98	1.26	61	0.008733
NGC 7205	NGC 7205	22.142858	-57.442583	10.97	G	Tuc	3.7	1.71	63	0.00564
NGC 7209	NGC 7209	22.085511	46.483528	7.7	OCl	Lac	6			-0.000032
NGC 7213	NGC 7213	22.154531	-47.166611	11.15	G	Gru	4.84	3.89	121	0.005869
NGC 7217	NGC 7217	22.131219	31.359333	10.47	G	Peg	4.52	3.84	90	0.003166
NGC 7226	NGC 7226	22.174136	55.398583	9.6	OCl	Cep	3			-0.000253
NGC 7234	NGC 7234	22.20695	57.271333	7.7	OCl	Cep	2.4
NGC 7243	NGC 7243	22.252383	49.8975	6.4	OCl	Lac	15			-0.000042
NGC 7245	NGC 7245	22.253197	54.342556	9.2	OCl	Lac	3.9			-0.000245
NGC 7261	NGC 7261	22.335108	58.051833	8.4	OCl	Cep	6.9			-0.000238
Helix Nebula	NGC 7293	22.494047	-20.837333	7.3	PN	Aqr	16.33			-0.00005
NGC 7295	NGC 7295	22.467456	52.289083	9.7	OCl	Lac	2.7
NGC 7331	NGC 7331	22.617781	34.415528	9.41	G	Peg	9.27	3.76	170	0.002732
NGC 7380	NGC 7380	22.789169	58.132417	7.2	Cl+N	Cep	25	20		-0.000114
NGC 7424	NGC 7424	22.955103	-41.070583	10.18	G	Gru	5.01	2.69	125	0.003133
NGC 7457	NGC 7457	23.016647	30.144944	10.98	G	Peg	3.95	2.25	128	0.002685
NGC 7492	NGC 7492	23.140744	-15.611472	10.48	GCl	Aqr	3			-0.000589
NGC 7507	NGC 7507	23.202108	-28.539611	10.04	G	Scl	3.33	3.2	90	0.00526
NGC 7510	NGC 7510	23.184383	60.570889	7.9	OCl	Cep	3.9			0.000213
NGC 7606	NGC 7606	23.317994	-8.485083	11	G	Aqr	5.26	4.47	145	0.007482
Bubble Nebula	NGC 7635	23.346	61.212361	11	HII	Cas	15	8
M 52	M 52 · NGC 7654	23.413444	61.593167	6.9	OCl	Cas	9.9			-0.000133	M 52
Copeland's Blue Snowball	NGC 7662	23.431639	42.534944	8.3	PN	And	0.28			-0.000041
NGC 7686	NGC 7686	23.50205	49.134111	5.6	OCl	And	3.6			0.00002
NGC 7689	NGC 7689	23.554647	-54.094472	10.84	G	Phe	3.1	1.97	141	0.006578
NGC 7727	NGC 7727	23.664922	-12.292778	10.64	G	Aqr	3.61	2.75	27	0.006131
NGC 7788	NGC 7788	23.945994	61.399917	9.4	OCl	Cas	2.4			-0.000024
NGC 7789	NGC 7789	23.956683	56.708278	6.7	OCl	Cas	14.4			-0.000182
NGC 7790	NGC 7790	23.973406	61.208306	8.5	OCl	Cas	3.6			-0.000267
NGC 7793	NGC 7793	23.963842	-32.591028	9.29	G	Scl	10.42	6.05	89	0.000757
NGC 7814	NGC 7814	0.054136	16.145417	10.6	G	Peg	4.37	1.88	135	0.003505
NGC 7822	NGC 7822	0.059819	67.161639	12	HII	Cep	20	4
Horsehead Nebula	B033	5.683056	-2.458333	12	DrkN	Ori	6	4	90
Cave Nebula	C009	22.965	62.518333	12	HII	Cep	50	30
Double Cluster	C014	2.345	57.1375	12	*Ass	Per	50	50
Hyades	C041	4.448333	15.866667	12	OCl	Tau	329			0.000133
Coalsack Nebula	C099	12.521944	-63.743333	12	DrkN	Cru
Brocchi's Cluster	Cl399	19.423333	20.183333	3.6	*Ass	Vul	70
Large Magellanic Cloud	ESO056-115	5.392917	-69.756111	0.29	G	Dor	646	550	170	0.000875
Circinus Galaxy	ESO097-013	14.219431	-65.339222	10.56	G	Cir	8.71	4.27	37	0.001449
ESO121-006	ESO121-006	6.124961	-61.807583	12.6	G	Pic	4.17	0.79	42	0.00402
Fourcade-Figueroa	ESO270-017	13.579806	-45.5475	11.72	G	Cen	11.48	1.45	111	0.002764
Sculptor Dwarf Elliptical	ESO351-030	1.002597	-33.709028	8.6	G	Scl	15.26	15.26	99	0.000372
Fornax Dwarf Spheroidal	ESO356-004	2.666481	-34.449194	7.4	G	For	12.88	10.47	48	0.000184
ESO383-087	ESO383-087	13.821528	-36.063444	10.91	G	Cen	4.27	3.31	86	0.00111
H05	H05	12.454444	-60.778333	7.1	OCl	Cru	6			-0.000048
H20	H20	19.885	18.333333	7.7	OCl	Sge	5.1			0.000021
H21	H21	23.903667	61.74	9	OCl	Cas	1.8
Seyfert's Sextet	HCG079	15.986639	20.758611	12	GGroup	Se1	2.8			0.0143
Stephan's Quintet	HCG092	22.599722	33.958333	12	GGroup	Peg	4.4			0.0215
Pleiades	M 45 · Mel022	3.791278	24.105278	1.2	OCl	Tau	150	150	90	0.000022	M 45
Mel071	Mel071	7.626	-12.055	7.1	OCl	Pup	14.4			0.000167
Mel072	Mel072	7.477444	-10.7	10.1	OCl	Mon	7.5			0.000239
Mel101	Mel101	10.703333	-65.1	8	OCl	Car	8.4			0.000068
Mel105	Mel105	11.328333	-63.483333	8.5	OCl	Car	5.4			0.000003
Coma Star Cluster	Mel111	12.418333	26.1	12	OCl	Com	253.5			-0.000002
MWSC3171	MWSC3171	19.754	-8.007222	7.54	GCl	Aql	5.4			-0.000226
Wolf-Lundmark-Melotte	PGC000143	0.032822	-15.460917	10.76	G	Cet	10.47	3.55	5	-0.000434
Sextans A	PGC029653	10.183556	-4.692778	11.77	G	Sex	5.25	4.47	180	0.001081
Sextans Dwarf Spheroidal	PGC088608	10.217472	-1.614722	10.4	G	Sex	30.2	12.02	56	0.000748
UGC04305	UGC04305	8.31805	70.720028	10.75	G	UMa	7.94	5.62	15	0.000524
Sextans B	UGC05373	10.000028	5.332222	11.51	G	Sex	4.9	3.09	101	0.001015
Leo I	UGC05470	10.141139	12.306389	10.36	G	Leo	11.75	8.51	81	0.000943
